happy1,id,travel,direction,born,sports,aware,morning_drink,breakfast,sleep,siblings,siblings_number,pets,beer,coffee,pineapple_pizza,pinky,os,hand,energy,shoes,phone,apartment_size,rooms,apps,countries,cb,food_money,season,drink_coffee,height,bother,happy2,tutorial_batch,time,major,morning_drink2,morning_drink_cat
6,reinh16,20.0,sw,400.0,1.0,awake,water,yes,9,no,0,3,2,2,do_not_mind,7.0,microsoft,22.0,8,7.0,17.5,80.0,3,54,15,yes,160.0,summer,milk,185.0,7,8,2025,12.15,uwi,water,water
8,milter71,2.0,s,280.0,3.0,energized,hot_chocolate,no,6,yes,2,4,2,2,do_not_mind,7.0,microsoft,18.0,8,6.0,16.0,120.0,4,140,35,no,170.0,spring,milk,174.0,4,6,2025,12.15,uwi,other,chocolate
7,krueg31,2.0,sw,168.0,3.0,tired,coffee,yes,7,yes,1,5,3,4,yes,5.0,apple,16.0,5,7.0,12.0,70.0,4,30,10,yes,150.0,fall,milk,180.0,8,7,2025,12.15,uwi,coffee,coffee
7,gotts27,80.0,nw,85.0,5.0,awake,tea,yes,7,yes,1,0,2,2,yes,8.0,apple,14.0,6,6.0,12.0,50.0,1,50,25,no,200.0,summer,milk,180.0,6,7,2025,12.15,uwi,tea,tea
5,brued19,2.0,n,50.0,3.0,awake,coffe,yes,9,yes,1,0,5,3,no,7.0,apple,22.0,5,5.0,14.0,70.0,3,4,12,no,230.0,summer,milk,187.0,5,5,2025,12.15,uwi,coffee,coffee
6,masur17,2.4,nw,93.0,3.0,awake,water,no,8,yes,2,2,1,1,no,7.0,microsoft,16.0,7,6.0,18.0,32.0,0,45,7,no,150.0,fall,other,162.0,2,6,2025,12.15,uwi,water,water
5,hüffe2,3.0,ne,250.0,8.0,tired,water,yes,7,yes,1,5,2,2,do_not_mind,6.2,apple,20.5,6,25.0,15.0,33.3,0,72,9,yes,75.0,spring,other,158.0,8,7,2025,12.15,uwi,water,water
9,kasta24,0.3,ne,60.0,8.0,energized,kong_strong,yes,8,yes,1,0,2,2,no,7.5,both,22.0,5,6.0,7.5,36.0,0,209,15,yes,200.0,summer,milk,187.0,3,9,2025,12.15,uwi,other,energy_drink
7,mispe6,69.0,nw,123.0,0.0,awake,match_latte,yes,7,yes,2,0,3,5,do_not_mind,6.6,apple,23.0,7,75.0,13.8,98.0,3,55,28,yes,600.0,spring,sugar_milk,168.0,10,9,2025,12.15,uwi,coffee,matcha
6,kiese20,2.0,n,175.0,1.0,awake,water,yes,8,yes,1,53,1,2,do_not_mind,6.7,microsoft,21.0,6,3.0,15.0,80.0,4,20,22,yes,100.0,summer,sugar_milk,170.0,8,7,2025,12.15,uwi,water,water
7,amwei11,1.0,ne,750.0,4.0,awake,water,yes,8,yes,7,2,1,1,do_not_mind,6.0,microsoft,19.0,9,7.0,17.0,16.0,5,90,2,yes,190.0,spring,other,164.0,6,8,2025,12.15,uwi,water,water
6,amfuc,2.0,nw,140.0,5.0,awake,tea,yes,8,yes,2,8,2,2,do_not_mind,6.5,microsoft,15.5,4,6.0,16.0,13.0,2,40,10,yes,180.0,spring,milk,176.0,4,6,2025,12.15,uwi,tea,tea
7,altep,2.3,se,47.0,2.0,tired,coffee,yes,7,yes,1,1,1,2,do_not_mind,5.2,apple,17.0,4,7.0,12.0,35.0,0,73,9,yes,200.0,fall,milk,162.0,8,7,2025,12.15,uwi,coffee,coffee
7,gathe7e,0.4,nw,402.0,3.0,awake,coffee,yes,8,yes,1,4,2,2,do_not_mind,2.1,apple,21.0,6,6.0,15.49,75.0,2,166,13,yes,200.0,spring,milk,185.0,6,7,2025,12.15,uwi,coffee,coffee
7,adeba25,11.0,nw,77.0,2.0,awake,water,yes,7,no,0,0,2,2,no,6.0,microsoft,12.0,4,9.0,15.0,100.0,1,169,16,yes,150.0,spring,other,169.0,8,3,2025,12.15,uwi,water,water
6,kreie1,45.0,ne,51.0,1.0,tired,water,yes,9,yes,1,7,1,1,no,5.8,microsoft,19.0,5,7.0,17.0,150.0,3,78,7,yes,250.0,summer,other,167.0,5,6,2025,12.15,uwi,water,water
7,stein15,1.2,n,300.0,4.0,awake,tea,yes,7,yes,1,5,4,5,yes,6.0,microsoft,20.0,5,5.0,13.0,99.0,3,65,17,no,220.0,summer,milk,171.0,8,6,2025,12.15,uwi,tea,tea
9,frapa28,2.0,n,50.0,4.0,awake,water,yes,9,yes,1,0,2,2,do_not_mind,6.5,apple,20.0,7,5.0,15.5,55.0,2,187,15,yes,190.0,summer,milk,184.0,5,9,2025,12.15,uwi,water,water
7,görli42,2.5,sw,430.0,1.0,awake,tea,yes,7,yes,1,0,4,3,no,6.0,microsoft,15.0,7,5.0,15.0,51.0,3,25,26,yes,280.0,spring,sugar_milk,170.0,5,7,2025,12.15,uwi,tea,tea
6,wyndh12,2.0,nw,48.0,5.0,awake,coffee,no,9,yes,1,2,4,3,do_not_mind,8.0,apple,23.0,4,3.0,15.0,42.0,0,20,35,yes,370.0,summer,milk,188.0,5,5,2025,12.15,uwi,coffee,coffee
5,blank41,7.0,ne,485.0,1.0,awake,water,no,7,yes,1,15,3,4,no,6.5,microsoft,19.5,6,5.0,16.0,90.0,2,196,10,yes,40.0,summer,sugar_milk,174.0,7,5,2025,12.15,uwi,water,water
3,suchl14,3.1,n,285.0,2.0,awake,tea,yes,8,yes,1,0,3,2,do_not_mind,6.0,microsoft,20.0,6,10.0,13.0,61.0,0,55,11,no,190.0,summer,sugar_milk,173.0,8,5,2025,12.15,uwi,tea,tea
8,paul-g37,0.5,n,393.0,2.0,awake,tea,yes,8,yes,1,3,2,2,do_not_mind,5.5,microsoft,17.5,6,4.0,16.0,57.0,1,144,10,yes,200.0,spring,other,169.0,8,8,2025,12.15,uwi,tea,tea
7,haupt30,2.0,n,650.0,4.0,awake,green_tea,yes,9,yes,3,10,4,4,do_not_mind,6.0,microsoft,19.6,8,8.0,7.3,12.0,4,174,12,no,350.0,spring,milk,176.0,6,7,2025,12.15,uwi,tea,tea
6,seged1,2.0,e,1828.0,3.0,awake,orange_juice,no,7,yes,1,3,4,4,no,6.0,microsoft,19.5,7,4.0,17.0,40.0,2,40,18,yes,70.0,fall,milk,167.0,6,7,2025,12.15,uwi,other,juice/smoothie
6,there12,1.0,s,300.0,1.0,tired,coffee,yes,8,no,0,1,3,4,no,6.0,microsoft,21.0,7,2.0,14.0,70.0,4,96,22,no,200.0,summer,milk,168.0,7,6,2025,12.15,uwi,coffee,coffee
8,duven10,2.0,nw,50.0,2.0,awake,tea_or_water,yes,7,yes,1,1,2,2,do_not_mind,6.0,microsoft,15.0,8,6.0,10.0,50.0,1,40,15,yes,200.0,fall,milk,177.0,3,6,2025,12.15,uwi,tea,tea
7,zumwi,6.0,ne,122.0,8.0,awake,coffee,yes,6,yes,1,0,3,1,no,6.0,microsoft,20.0,8,5.0,17.0,16.0,4,282,25,yes,200.0,summer,milk,186.0,9,9,2025,12.15,uwi,coffee,coffee
4,bruck39,3.5,sw,55.0,1.0,drowsy,tea,yes,7,yes,1,1,5,5,no,7.0,microsoft,14.0,6,6.0,16.0,140.0,4,18,22,no,200.0,summer,other,180.0,4,4,2025,12.15,uwi,tea,tea
6,b1,2.0,se,50.0,4.0,awake,water,yes,8,no,0,0,3,3,do_not_mind,5.0,microsoft,19.0,7,8.0,16.5,120.0,3,203,21,yes,150.0,spring,milk,169.0,6,6,2025,12.15,uwi,water,water
7,annef12,3.7,n,69.0,3.5,awake,water,yes,8,no,0,4,3,3,do_not_mind,6.3,apple,19.0,7,18.0,13.0,27.0,0,52,5,no,60.0,summer,milk,173.0,6,7,2025,12.15,uwi,water,water
6,sachs10,1.7,e,200.0,2.0,tired,smoothie,yes,8,yes,1,1,1,1,yes,6.7,apple,20.0,3,6.0,15.0,45.0,1,24,15,no,200.0,winter,milk,174.0,7,5,2025,12.15,uwi,other,juice/smoothie
1,lohee24,27.0,ne,60.0,5.0,awake,water,yes,6,yes,2,8,3,4,do_not_mind,6.0,microsoft,19.0,5,4.0,16.0,15.0,1,46,8,yes,400.0,summer,milk,167.0,4,2,2025,12.15,uwi,water,water
4,sauer54,2.1,w,57.0,1.5,tired,energie,no,6,yes,1,11,1,1,do_not_mind,5.9,microsoft,14.4,3,14.0,16.9,130.0,1,87,3,no,190.0,winter,sugar_milk,165.0,9,3,2025,12.15,uwi,other,energy_drink
6,oster17,2.1,nw,68.0,3.0,awake,coffee,yes,9,yes,1,6,2,2,yes,5.0,microsoft,15.0,5,3.0,14.0,42.0,1,19,9,yes,200.0,spring,sugar_milk,172.0,8,6,2025,12.15,uwi,coffee,coffee
5,wulfs113,2.0,nw,573.0,6.0,awake,water,yes,9,yes,2,3,2,2,no,7.0,apple,20.0,5,3.0,16.0,25.0,1,40,14,yes,200.0,summer,other,184.0,6,5,2025,12.15,uwi,water,water
9,torna22,0.3,sw,144.0,2.0,awake,coffee,yes,9,yes,1,2,2,3,yes,6.0,microsoft,18.3,6,6.0,15.0,80.0,3,47,13,yes,250.0,spring,milk,169.0,7,8,2025,12.15,uwi,coffee,coffee
6,marms1,40.0,nw,50.0,6.0,awake,tee,yes,8,yes,1,2,2,1,yes,7.0,microsoft,20.0,7,2.0,16.0,150.0,3,100,12,yes,190.0,spring,other,186.0,1,7,2025,12.15,uwi,tea,tea
7,mozar39,3.1,n,884.0,1.0,awake,matcha,yes,8,yes,2,5,2,3,do_not_mind,5.0,microsoft,20.0,6,4.0,16.0,55.0,2,55,7,yes,250.0,spring,sugar_milk,178.0,4,7,2025,12.15,uwi,tea,matcha
7,bonho3,1.0,s,408.0,5.0,awake,coffee,yes,8,yes,1,2,1,2,do_not_mind,6.0,both,20.0,7,10.0,15.0,18.0,0,73,7,yes,240.0,spring,milk,175.0,7,9,2025,12.15,uwi,coffee,coffee
7,merge1,40.0,se,39.0,4.0,tired,juice,yes,6,no,0,10,3,3,yes,6.0,both,20.0,6,6.0,16.0,54.0,0,20,15,yes,150.0,summer,milk,178.0,4,7,2025,12.15,uwi,other,juice/smoothie
6,aufde22,1.5,n,70.0,3.0,awake,tea,yes,8,yes,2,0,3,3,yes,6.0,microsoft,19.5,6,5.0,17.0,100.0,3,53,10,no,180.0,summer,milk,166.0,4,6,2025,12.15,uwi,tea,tea
7,schne20,0.5,w,108.0,3.5,awake,coffee,yes,7,yes,1,0,3,3,no,6.0,apple,19.0,7,8.0,15.0,200.0,1,57,12,yes,300.0,summer,milk,176.0,5,7,2025,12.15,uwi,coffee,coffee
6,gusta31,3.5,se,100.0,6.0,drowsy,coffee,yes,7,yes,3,1,2,2,yes,7.0,apple,20.0,7,6.0,16.95,82.0,2,40,7,yes,170.0,summer,milk,182.0,7,7,2025,12.15,uwi,coffee,coffee
4,bunde39,2.0,n,360.0,6.0,drowsy,coffee,yes,8,yes,2,7,4,4,no,6.0,both,15.0,6,5.0,15.0,80.0,4,30,9,no,80.0,fall,milk,168.0,7,6,2025,12.15,uwi,coffee,coffee
4,alste117,2.0,n,230.0,1.0,tired,tea,yes,7,yes,2,1,1,1,yes,6.0,apple,19.0,5,8.0,5.8,100.0,3,17,5,no,400.0,spring,black,196.0,6,5,2025,12.15,uwi,tea,tea
6,wecke15,0.2,ne,800.0,1.0,awake,coffee,yes,8,no,0,4,3,3,yes,4.5,neither,14.0,8,4.0,17.0,250.0,8,100,15,yes,300.0,spring,milk,170.0,8,7,2025,12.15,uwi,coffee,coffee
8,görli3,0.1,nw,120.0,0.0,awake,sparkling_water,yes,8,yes,2,5,2,2,yes,4.0,apple,18.0,8,4.0,15.4,70.0,4,30,16,yes,180.0,summer,other,168.5,7,9,2025,12.15,uwi,water,water
8,meise28,2.5,nw,500.0,2.0,awake,tea,yes,8,yes,2,2,3,3,no,4.0,microsoft,18.0,7,11.0,16.33,145.0,4,40,10,yes,161.0,summer,milk,170.0,2,8,2025,12.15,uwi,tea,tea
5,holun13,3.1,ne,237.0,2.0,drowsy,tea,yes,7,yes,2,9,1,1,yes,6.0,microsoft,19.0,2,5.0,17.0,60.0,3,26,2,no,200.0,spring,milk,165.0,4,2,2025,12.15,uwi,tea,tea
6,carlh9,1.0,sw,40.0,4.0,tired,water,yes,8,yes,1,0,2,2,do_not_mind,6.0,microsoft,18.0,6,7.0,17.0,30.0,0,41,16,no,180.0,fall,milk,156.0,8,7,2025,12.15,uwi,water,water
4,schar3,2.1,n,236.0,2.0,tired,tea,yes,8,yes,2,2,3,3,do_not_mind,5.5,apple,18.0,6,4.0,13.5,100.0,2,44,24,yes,45.0,summer,milk,167.0,8,5,2025,12.15,uwi,tea,tea
8,baere8,2.0,s,311.0,1.0,energized,water,yes,8,yes,2,2,2,3,no,5.5,microsoft,14.0,6,8.0,14.0,100.0,3,50,7,yes,120.0,summer,milk,163.0,7,8,2025,12.15,gess,water,water
4,marti2,2.0,n,573.0,2.0,awake,coffee,yes,8,yes,1,1,3,4,no,6.5,apple,20.0,6,6.0,14.5,62.0,1,32,31,yes,250.0,spring,other,180.0,2,4,2025,12.15,uwi,coffee,coffee
8,mettb20,0.5,e,350.0,12.0,drowsy,hot_water,no,8,yes,1,1,3,4,do_not_mind,7.5,apple,20.0,8,9.0,15.0,100.0,5,60,23,yes,60.0,spring,sugar_milk,164.0,3,7,2025,12.15,gess,water,water
6,achte38,0.2,e,153.0,2.0,awake,tea,yes,8,yes,1,6,2,2,do_not_mind,6.0,microsoft,21.0,6,8.0,15.5,275.0,8,43,15,yes,200.0,spring,other,179.0,10,6,2025,12.15,uwi,tea,tea
8,sophi16,3.0,nw,112.0,3.0,tired,water,yes,9,yes,2,1,3,4,do_not_mind,5.5,microsoft,19.0,4,8.0,17.0,98.0,3,61,10,no,200.0,summer,milk,185.0,9,8,2025,12.15,uwi,water,water
8,somme25,2.0,nw,48.0,8.0,tired,water,yes,8,no,0,5,3,3,yes,6.0,microsoft,21.0,6,7.0,15.0,60.0,4,30,15,no,200.0,spring,other,180.0,6,8,2025,12.15,gess,water,water
5,amspi13,1.0,ne,158.0,4.0,drowsy,tea,yes,6,yes,1,0,2,4,yes,5.5,apple,14.0,5,6.0,15.0,112.0,5,69,12,no,150.0,summer,milk,161.0,9,6,2025,12.15,uwi,tea,tea
6,jacqu1,3.0,nw,60.0,3.0,drowsy,coffee,yes,7,yes,1,3,3,3,no,5.0,apple,10.0,6,15.0,12.0,60.0,1,40,25,yes,1000.0,spring,milk,170.0,5,7,2025,12.15,uwi,coffee,coffee
8,baden3,0.4,ne,108.0,3.0,awake,tea,yes,9,yes,1,10,2,2,do_not_mind,7.4,apple,18.5,7,5.0,15.5,180.0,5,21,16,yes,200.0,spring,milk,177.0,6,7,2025,12.15,uwi,tea,tea
6,stein54,6.0,nw,800.0,2.0,awake,ice_cold_water,no,6,yes,2,3,1,1,do_not_mind,5.7,microsoft,18.0,4,3.0,16.0,50.0,1,60,6,yes,280.0,spring,milk,169.0,6,5,2025,12.15,gess,water,water
9,stein16,61.0,nw,61.0,6.0,awake,water,no,8,yes,1,2,4,4,do_not_mind,7.0,apple,22.4,6,3.0,15.4,140.0,1,127,22,yes,250.0,summer,other,188.0,7,8,2025,12.15,uwi,water,water
8,neuen14,2.0,s,100.0,7.0,energized,smoothie,yes,7,yes,2,0,2,3,yes,6.7,microsoft,19.0,7,9.0,15.5,100.0,5,31,11,yes,80.0,spring,sugar_milk,168.0,9,8,2025,12.15,uwi,other,juice/smoothie
8,det350,5.0,n,250.0,12.0,awake,tea,yes,8,yes,2,7,3,3,do_not_mind,7.0,microsoft,17.0,7,5.0,15.0,130.0,4,22,8,no,90.0,spring,milk,189.0,5,7,2025,12.15,uwi,tea,tea
8,hollä43,3.7,nw,219.0,13.0,energized,coffee,no,6,yes,1,18,5,4,yes,8.0,microsoft,20.0,7,7.0,16.0,12.0,2,14,12,yes,300.0,fall,milk,163.0,3,8,2025,12.15,uwi,other,coffee
7,eupen31,0.4,s,216.0,10.0,awake,hot_chocolate,yes,8,no,0,0,2,2,no,6.0,apple,20.1,7,15.0,13.7,75.0,2,100,19,yes,250.0,spring,other,178.0,3,8,2025,12.15,gess,other,chocolate
6,eidig24,50.0,nw,55.0,12.0,tired,water,yes,8,yes,2,6,1,1,do_not_mind,5.5,microsoft,16.0,5,6.0,16.0,12.0,4,46,4,no,150.0,summer,black,162.0,5,6,2025,12.15,uwi,water,water
8,bombe5,5.0,ne,300.0,6.0,awake,water,yes,8,yes,3,5,2,3,do_not_mind,6.0,apple,11.0,8,5.0,14.0,58.0,1,80,20,yes,120.0,spring,milk,160.0,2,8,2025,12.15,uwi,water,water
6,linde3,3.0,se,10.0,30.0,tired,tea,yes,7,yes,1,2,2,3,yes,4.0,apple,16.0,5,8.0,15.0,30.0,0,22,16,yes,200.0,summer,milk,161.0,7,7,2025,12.15,uwi,tea,tea
10,kölne75,1.7,n,421.0,1.0,energized,orange_juice,yes,8,yes,1,2,6,5,yes,6.0,apple,16.0,10,7.0,15.0,70.0,3,50,20,yes,40.0,summer,sugar_milk,173.0,6,7,2025,12.15,gess,other,juice/smoothie
4,heide14,2.0,w,31.0,3.0,awake,coffee,no,8,yes,1,3,4,5,do_not_mind,6.4,microsoft,21.0,5,20.0,15.0,45.0,1,40,12,yes,150.0,spring,milk,172.0,9,4,2025,12.15,gess,coffee,coffee
10,liesb29,0.2,nw,255.0,0.0,energized,coffee,yes,7,yes,1,5,4,4,no,5.0,apple,15.0,8,4.0,5.0,55.0,1,20,25,yes,125.0,spring,black,179.0,10,10,2025,12.15,gess,coffee,coffee
3,nedum2,5.0,se,6637.0,0.0,tired,water,yes,8,yes,1,3,3,3,no,5.0,apple,15.0,3,10.0,8.0,11.0,3,23,6,no,200.0,fall,other,165.0,6,7,2025,12.15,gess,other,water
7,jakob14,2.7,w,714.0,3.0,awake,coffee,yes,9,yes,1,0,3,3,yes,3.0,apple,12.0,6,11.0,8.0,50.0,2,56,12,yes,300.0,summer,milk,156.0,5,7,2025,12.15,gess,coffee,coffee
5,mozar,4.0,s,8.402,25.0,awake,coffee,no,7,yes,3,15,6,6,do_not_mind,6.0,apple,6.0,5,4.0,15.0,86.0,3,10,21,yes,350.0,summer,sugar_milk,180.0,7,3,2025,12.15,gess,coffee,coffee
4,feenr15,53.0,nw,50.0,3.0,tired,tea_with_the_salt_of_my_tears_from_waking_up_so_early,no,6,yes,1,4,3,3,no,5.5,apple,19.0,3,3.0,16.0,73.0,1,39,9,yes,250.0,spring,sugar_milk,187.0,8,4,2025,12.15,gess,tea,tea
3,gar13,2.7,nw,75.0,3.0,drowsy,coffee,yes,8,yes,1,3,3,2,do_not_mind,6.5,neither,19.5,5,5.0,16.0,80.0,3,62,8,yes,150.0,spring,sugar_milk,173.0,2,3,2025,12.15,gess,coffee,coffee
7,humbo10,800.0,n,60.0,7.0,awake,coffee,yes,7,yes,1,3,8,8,no,6.5,apple,18.0,6,6.0,14.0,28.0,0,59,9,yes,200.0,summer,milk,174.0,7,8,2025,12.15,uwi,coffee,coffee
6,westp14,0.7,s,12376.0,2.0,energized,apple_juice,no,7,yes,2,6,3,5,do_not_mind,5.6,microsoft,18.0,7,6.0,16.0,86.0,2,50,20,no,200.0,summer,other,165.0,3,7,2025,12.15,gess,other,juice/smoothie
6,lange8,4.0,ne,430.0,2.0,tired,cold_sparkling_water,no,6,no,0,0,3,3,no,7.0,apple,18.0,4,4.0,15.0,18.0,0,82,14,no,400.0,spring,other,188.0,4,7,2025,12.15,gess,water,water
8,surre11,2.0,ne,13657.0,4.0,awake,coffee,yes,7,yes,2,20,3,3,no,5.0,microsoft,17.0,7,15.0,13.0,25.0,0,10,17,yes,140.0,summer,sugar,173.0,4,8,2025,12.15,gess,coffee,coffee
5,frank36,3.0,n,47.0,5.0,drowsy,water,yes,6,yes,3,8,3,3,yes,6.0,microsoft,17.0,6,5.0,14.0,42.0,0,120,13,no,110.0,spring,sugar_milk,170.0,5,6,2025,12.15,uwi,water,water
8,büsin8,11.0,n,300.0,2.0,awake,coffee,yes,8,yes,3,2,4,4,do_not_mind,6.0,both,20.0,5,8.0,14.0,124.0,3,36,30,no,200.0,spring,milk,176.0,2,8,2025,12.15,uwi,coffee,coffee
3,fritz5,3.0,sw,372.0,12.0,awake,water,yes,8,yes,1,4,1,1,yes,7.0,apple,17.0,6,6.0,14.0,52.0,2,65,13,yes,180.0,fall,other,181.0,3,4,2025,12.15,gess,water,water
9,oestr42,3.1,sw,381.0,2.0,awake,coffee,no,7,yes,1,0,2,2,do_not_mind,6.5,both,20.0,8,5.0,15.4,200.0,9,130,11,no,350.0,spring,black,185.0,7,8,2025,12.15,uwi,coffee,coffee
5,potsd11,1.4,n,140.0,2.0,tired,coffee,yes,8,yes,1,7,1,2,yes,5.5,apple,19.0,7,15.0,15.0,140.0,5,74,14,yes,130.0,spring,milk,168.0,7,6,2025,12.15,uwi,coffee,coffee
6,könig23,3.0,e,104.0,2.5,tired,coffee,yes,7,yes,2,6,4,4,do_not_mind,8.0,apple,26.0,5,8.0,20.0,70.0,4,145,13,yes,250.0,spring,milk,165.0,7,7,2025,12.15,uwi,coffee,coffee
5,hesel8,2.5,nw,70.0,3.5,tired,coffee,yes,8,no,0,4,2,3,do_not_mind,5.0,both,18.0,6,11.0,15.0,75.0,1,55,20,yes,180.0,summer,milk,165.0,3,7,2025,12.15,uwi,coffee,coffee
8,beimf7,2.0,n,7805.0,4.0,awake,tee,yes,8,yes,2,0,2,2,no,7.0,both,18.0,6,6.0,15.0,90.0,3,50,13,yes,100.0,spring,milk,172.0,9,9,2025,12.15,uwi,tea,tea
6,braue14,0.7,ne,217.0,3.0,tired,water,no,7,yes,1,0,4,4,yes,5.0,apple,18.0,6,15.0,14.0,190.0,5,71,19,yes,300.0,summer,sugar_milk,178.0,3,7,2025,12.15,uwi,water,water
5,sonne9,3.0,n,64.9,3.0,drowsy,coffee,yes,8,yes,1,2,2,2,no,7.0,microsoft,21.0,3,4.0,16.5,34.0,0,71,10,yes,250.0,fall,milk,187.0,4,7,2025,12.15,gess,coffee,coffee
8,esche4a,47.0,nw,272.0,3.0,drowsy,coffee,yes,8,yes,1,3,2,3,do_not_mind,6.5,microsoft,20.0,7,6.0,10.16,112.0,2,83,6,yes,280.0,fall,black,192.0,4,8,2025,12.15,uwi,coffee,coffee
3,hoppe28,2.0,e,483.0,1.0,drowsy,coffee,yes,8,yes,1,0,5,5,yes,5.0,both,10.0,3,17.0,10.0,65.0,2,87,18,yes,180.0,spring,milk,183.0,6,4,2025,12.15,uwi,coffee,coffee
6,baumk15,3.0,ne,80.0,4.0,awake,matcha,yes,8,yes,4,2,4,4,no,3.0,both,12.0,7,6.0,8.0,80.0,3,18,12,yes,150.0,fall,milk,161.0,5,6,2025,12.15,gess,tea,matcha
8,ambro79,0.5,n,225.0,4.0,awake,coffee,yes,8,yes,1,1,2,3,do_not_mind,5.0,microsoft,17.0,6,9.0,21.0,140.0,6,25,9,yes,350.0,summer,milk,182.0,5,7,2025,12.15,uwi,coffee,coffee
6,stein65,0.2,se,65.0,20.0,awake,coffee,yes,8,yes,1,3,2,2,yes,7.0,apple,21.0,6,9.0,16.31,55.0,1,125,18,yes,200.0,summer,milk,184.0,8,6,2025,12.15,gess,coffee,coffee
8,amkie1,2.5,n,200.0,4.0,awake,water,yes,8,yes,1,8,2,2,no,6.0,apple,9.5,7,9.0,15.5,35.0,4,35,12,yes,250.0,fall,other,180.0,3,7,2025,12.15,gess,water,water
7,36tha7621,74.0,nw,556.0,2.0,awake,water,yes,8,yes,1,9,3,2,yes,4.5,apple,24.0,7,5.0,15.4,120.0,5,170,13,yes,400.0,summer,milk,197.0,2,7,2025,12.15,gess,water,water
4,zakre27/2,59.0,nw,1654.0,3.0,awake,coffee,yes,8,yes,1,2,6,6,yes,5.0,apple,17.0,5,6.0,15.0,100.0,3,82,9,yes,150.0,fall,milk,162.0,3,5,2025,12.15,uwi,coffee,coffee
8,käthe37,0.5,nw,289.0,4.0,energized,tea,yes,8,yes,1,0,3,4,no,7.0,apple,21.0,7,15.0,18.0,90.0,5,22,15,yes,250.0,spring,milk,176.0,5,8,2025,12.15,uwi,tea,tea
6,guten3,2.7,n,806.0,2.0,awake,water,no,7,yes,2,3,1,1,do_not_mind,11.0,microsoft,16.0,7,3.0,14.0,80.0,2,29,7,yes,100.0,fall,milk,187.0,6,7,2025,12.15,uwi,water,water
6,ecke14,3.0,e,400.0,3.0,tired,coffee,yes,5,yes,1,2,3,3,no,3.0,microsoft,5.0,4,10.0,12.0,100.0,4,20,13,no,100.0,summer,sugar_milk,172.0,2,5,2025,12.15,gess,coffee,coffee
2,valpa4,2.0,nw,50.0,4.0,drowsy,ingwershot,yes,8,no,0,0,3,3,do_not_mind,7.2,apple,19.0,2,14.0,12.0,230.0,8,52,22,no,190.0,spring,other,159.0,9,3,2025,12.15,gess,other,juice/smoothie
3,helmh4,1.9,nw,427.0,3.0,tired,matcha_latte,yes,7,yes,1,0,2,2,do_not_mind,6.5,microsoft,23.0,3,12.0,16.5,52.0,2,118,12,yes,300.0,fall,milk,180.0,7,3,2025,12.15,uwi,coffee,matcha
6,wollf31a,0.5,ne,188.0,5.0,awake,water,yes,10,yes,2,3,1,2,no,6.0,apple,21.0,6,7.0,15.0,200.0,8,58,18,yes,150.0,spring,milk,164.0,9,8,2025,12.15,uwi,water,water
7,wasbu,3.8,ne,126.0,10.0,awake,chai_latte,no,7,yes,1,21,4,4,yes,6.0,microsoft,22.0,6,10.0,16.5,60.0,2,50,12,yes,210.0,summer,other,170.0,10,8,2025,12.15,gess,coffee,tea
7,ulric16,4.3,ne,650.0,3.5,awake,orange_juice,yes,8,yes,1,2,3,3,no,6.0,apple,23.5,6,13.0,15.0,60.0,1,101,9,yes,200.0,winter,milk,175.0,8,8,2025,12.15,gess,other,juice/smoothie
7,siercz101,2.0,n,910.0,1.5,drowsy,coffee,yes,7,yes,2,7,4,4,no,5.0,apple,13.0,5,3.0,13.5,80.0,1,140,22,yes,150.0,fall,milk,163.0,9,7,2025,12.15,gess,coffee,coffee
7,amhas99,0.2,e,289.0,1.5,tired,coffee,yes,6,yes,2,3,4,3,no,4.5,both,15.0,5,8.0,14.0,59.0,2,90,13,yes,230.0,summer,milk,158.0,5,7,2025,12.15,uwi,coffee,coffee
4,sonne54,0.2,ne,381.0,2.0,awake,coffee,no,9,yes,4,2,1,1,yes,7.0,microsoft,20.0,6,10.0,14.0,360.0,8,70,17,no,150.0,fall,milk,180.0,3,4,2025,12.15,uwi,coffee,coffee
6,heine3,1.0,n,400.0,2.0,awake,water/_coffee,yes,9,yes,1,0,3,3,yes,9.0,microsoft,18.0,7,5.0,18.0,200.0,6,13,14,yes,200.0,summer,milk,170.0,4,6,2025,12.15,uwi,coffee,coffee
7,pinne7,0.7,ne,48.0,4.5,awake,tea,yes,9,yes,1,0,2,2,do_not_mind,7.0,microsoft,15.0,5,10.0,17.0,311.0,6,100,15,yes,150.0,spring,milk,160.0,4,8,2025,12.15,uwi,tea,tea
8,käthn15,2.4,n,55.0,1.0,awake,coffee,no,9,yes,1,0,5,5,no,8.0,apple,25.0,6,7.0,18.0,89.0,2,50,14,yes,150.0,summer,black,197.0,1,9,2025,12.15,uwi,coffee,coffee
7,schwa52,2.4,n,55.0,2.0,awake,coffee,yes,8,no,0,2,5,6,do_not_mind,7.0,apple,18.0,8,7.0,21.0,89.0,2,96,18,yes,200.0,summer,black,183.0,1,8,2025,12.15,uwi,coffee,coffee
3,salzw7,5.0,nw,90.0,5.0,tired,coffee,yes,7,yes,3,2,3,4,no,7.0,microsoft,23.0,4,15.0,20.0,65.0,2,78,9,no,150.0,summer,milk,163.0,10,3,2025,12.15,gess,coffee,coffee
7,brunn39,450.0,e,289.0,4.0,awake,water,yes,8,yes,1,100,2,2,do_not_mind,7.0,microsoft,20.0,7,6.0,18.0,360.0,9,149,19,yes,100.0,summer,sugar_milk,172.0,8,7,2025,12.15,uwi,water,water
7,"step,9",140.0,n,140.0,5.0,awake,hot_chocolate,yes,9,yes,1,2,3,2,no,4.5,both,19.0,5,20.0,15.5,150.0,3,120,16,no,150.0,summer,other,163.0,5,5,2025,12.15,gess,other,chocolate
10,parks15,1.7,n,283.0,0.0,awake,coffee,yes,8,yes,1,3,2,2,do_not_mind,5.0,microsoft,18.0,1,4.0,10.0,90.0,3,1,12,yes,250.0,spring,other,185.0,7,0,2025,12.15,gess,coffee,coffee
8,weige1,1.0,n,587.0,3.0,energized,coffee,yes,8,yes,1,4,2,2,no,6.0,microsoft,17.0,8,7.0,16.0,90.0,3,48,14,yes,180.0,spring,milk,163.0,7,8,2025,12.15,uwi,coffee,coffee
6,hansa81,3.0,n,224.0,4.0,drowsy,coffee,yes,6,yes,2,2,3,4,do_not_mind,6.3,apple,18.0,3,17.0,13.2,84.0,2,39,11,yes,200.0,fall,milk,172.0,6,4,2025,12.15,gess,coffee,coffee
6,millo12a,70.0,ne,50.0,7.0,tired,water,no,8,yes,1,0,2,2,yes,6.0,apple,14.0,4,2.0,12.0,12.0,4,0,10,yes,100.0,spring,sugar_milk,166.0,4,6,2025,12.15,gess,water,water
7,eiche20,0.5,n,280.0,5.0,tired,coffee,yes,8,yes,3,1,3,3,no,6.2,microsoft,20.5,6,5.0,17.0,150.0,5,176,15,yes,180.0,summer,milk,182.0,3,7,2025,12.15,gess,coffee,coffee
2,baril61,0.2,ne,1956.0,2.0,awake,paulaner_spezi,no,4,yes,1,2,6,6,yes,6.0,microsoft,16.0,4,3.0,14.6,60.0,1,100,5,yes,200.0,fall,sugar_milk,157.0,9,1,2025,12.15,gess,other,beer/soda
8,vodek17,2.0,n,350.0,1.5,awake,coffee,yes,8,yes,1,0,2,3,yes,7.0,microsoft,18.0,7,10.0,17.0,85.0,3,27,19,yes,180.0,spring,milk,180.0,5,8,2025,12.15,uwi,coffee,coffee
7,lange19,3.5,s,198.0,1.0,tired,cold_cocoa,no,6,yes,2,2,1,2,do_not_mind,6.0,microsoft,17.5,7,9.0,17.0,120.0,2,60,14,yes,200.0,spring,sugar_milk,175.0,8,5,2025,12.15,uwi,other,chocolate
8,stemw30,3.0,n,200.0,4.0,energized,coffee,yes,8,yes,4,3,3,5,yes,8.0,apple,23.0,7,20.0,15.5,80.0,2,70,15,yes,270.0,summer,black,190.0,3,9,2025,12.15,uwi,coffee,coffee
3,amhol41,2.0,se,155.0,6.0,drowsy,water,no,6,yes,4,1,3,3,do_not_mind,6.0,microsoft,21.0,4,9.0,16.5,51.5,2,29,12,yes,280.0,spring,milk,168.0,4,4,2025,12.15,gess,water,water
4,volkm13,1.0,ne,600.0,3.0,tired,water,no,9,yes,1,4,3,2,do_not_mind,6.0,apple,19.0,4,5.0,11.5,80.0,5,50,11,yes,250.0,summer,sugar_milk,178.0,5,3,2025,12.15,gess,water,water
5,solun60,3.0,ne,1850.0,3.0,awake,ginger_shot,no,8,yes,4,2,6,5,do_not_mind,6.8,both,21.0,5,15.0,17.0,33.0,0,73,16,yes,260.0,spring,milk,169.0,3,5,2025,12.15,gess,other,juice/smoothie
9,johan6b,3.4,ne,88.1,3.0,awake,tea,yes,7,yes,2,4,5,4,yes,6.5,apple,22.0,7,5.0,14.5,300.0,5,88,14,yes,310.0,summer,sugar_milk,185.0,2,6,2025,12.15,uwi,tea,tea
7,störd10,0.1,n,130.0,7.0,energized,coffee,yes,9,yes,2,20,3,3,yes,6.0,apple,17.0,2,7.0,15.0,100.0,3,87,10,yes,200.0,spring,milk,173.0,3,7,2025,12.15,gess,coffee,coffee
7,ruesalambo13,2.5,n,216.0,4.0,drowsy,water,yes,8,yes,3,5,3,3,do_not_mind,3.5,both,15.0,4,5.0,13.0,90.0,4,28,19,yes,250.0,summer,milk,165.0,5,7,2025,12.15,gess,water,water
7,ahorn21,2.5,n,650.0,1.5,drowsy,water,yes,8,yes,3,1,3,3,yes,6.0,microsoft,20.0,6,7.0,17.0,90.0,3,140,20,yes,250.0,spring,other,197.0,5,8,2025,12.15,uwi,water,water
6,govern,0.3,ne,8000.0,7.0,awake,tea,yes,7,yes,5,0,1,1,no,6.0,apple,20.0,6,2.0,16.0,10.0,2,15,15,yes,200.0,summer,milk,171.0,1,4,2025,12.15,gess,tea,tea
3,roent2a,2.9,n,346.0,5.0,awake,tea,yes,7,yes,1,0,3,4,yes,5.0,apple,13.0,6,9.0,14.7,80.0,2,27,21,yes,100.0,spring,other,163.0,4,3,2025,12.15,uwi,tea,tea
8,am_wei30,1.0,sw,367.0,8.0,awake,water,yes,8,no,0,1,6,6,do_not_mind,3.0,apple,17.0,7,6.0,12.0,19.0,5,80,41,yes,300.0,spring,other,183.0,7,7,2025,12.15,gess,water,water
6,weide30,3.4,w,248.0,2.0,tired,water,no,9,yes,2,1,4,4,do_not_mind,5.5,microsoft,24.0,7,11.0,15.5,30.0,0,105,10,no,80.0,spring,other,180.0,2,5,2025,12.15,gess,water,water
7,moorr38,0.1,e,69.8,1.0,awake,coffee,yes,8,yes,1,0,4,5,yes,5.5,apple,16.0,6,4.0,13.0,120.0,5,10,17,yes,100.0,spring,milk,174.0,5,6,2025,12.15,gess,coffee,coffee
3,minke1,200.0,e,15.815,2.0,awake,juice,yes,7,yes,1,1,1,1,no,6.5,apple,21.0,5,3.0,14.5,95.0,5,15,15,no,380.0,fall,other,173.0,1,8,2025,12.15,gess,other,juice/smoothie
6,niede37,3.3,nw,456.0,2.0,tired,coffee,yes,7,yes,1,3,4,6,yes,4.7,microsoft,13.0,4,6.0,12.0,50.0,3,40,12,no,200.0,summer,other,172.0,1,4,2025,12.15,gess,coffee,coffee
9,schul65,0.5,s,450.0,7.0,awake,water,yes,9,yes,1,0,2,2,no,4.0,apple,7.0,7,5.0,7.0,63.0,2,3,12,yes,300.0,spring,other,171.0,8,9,2025,12.15,gess,water,water
6,buche59,0.8,w,142.0,2.0,drowsy,tea,yes,6,no,0,0,4,4,do_not_mind,7.0,apple,20.0,4,12.0,15.0,20.0,5,50,17,yes,200.0,summer,milk,173.0,5,5,2025,12.15,gess,tea,tea
8,fritz17,2.5,n,620.0,8.0,awake,tea,yes,8,yes,1,2,2,3,no,5.5,apple,20.0,7,6.0,14.0,45.0,5,50,13,yes,180.0,spring,other,173.0,6,8,2025,12.15,gess,tea,tea
6,kurts54,2.0,n,146.0,4.0,awake,orange_juice,yes,8,yes,2,5,2,2,no,4.0,microsoft,15.0,4,11.0,15.0,160.0,3,2,11,no,150.0,summer,other,166.0,8,8,2025,12.15,gess,other,juice/smoothie
8,rosen56,0.15,s,348.0,8.0,awake,"ginger_shot,_lemon_juice",yes,6,yes,1,20,3,4,yes,5.0,microsoft,17.0,7,7.0,15.4,240.0,5,60,8,yes,270.0,spring,sugar_milk,173.0,5,8,2025,12.15,gess,other,juice/smoothie
6,diste17,3.0,nw,95.0,4.0,awake,water,yes,8,no,0,3,3,4,yes,5.0,both,20.0,8,12.0,15.0,40.0,1,78,8,yes,130.0,summer,milk,178.0,2,6,2025,12.15,gess,water,water
5,kanal7,0.3,w,356.0,7.0,awake,coffee_with_oat_milk,yes,6,yes,1,4,3,3,no,5.5,both,17.0,5,20.0,16.5,19.0,3,45,15,yes,120.0,spring,milk,168.0,7,6,2025,12.15,gess,coffee,coffee
7,friem11,0.2,sw,400.0,3.0,awake,coffee,no,6,yes,1,1,2,3,no,6.0,microsoft,16.0,7,7.0,16.2,17.0,5,16,18,yes,200.0,spring,black,171.0,7,7,2025,12.15,gess,coffee,coffee
7,allee4,3.1,n,277.0,3.0,awake,coffee,yes,6,yes,3,3,3,4,no,6.0,apple,22.0,5,11.0,13.2,82.0,2,171,18,yes,350.0,summer,milk,176.0,4,7,2025,12.15,gess,coffee,coffee
3,nacht,2.0,nw,30.0,7.0,awake,water_with_apple_cider_vinegar,yes,9,yes,1,5,2,3,yes,5.0,apple,17.0,5,7.0,15.0,16.0,1,20,8,yes,100.0,fall,other,160.0,9,2,2025,12.15,gess,water,water
8,benng12,0.15,s,5530.0,2.0,awake,water,yes,9,yes,2,1,2,1,do_not_mind,5.0,apple,18.0,7,5.0,15.4,220.0,6,45,21,yes,200.0,fall,other,170.0,7,8,2025,12.15,gess,water,water
8,hopfe13,1.5,sw,150.0,4.0,awake,hot_lemon,yes,8,yes,1,0,2,2,no,5.1,apple,17.0,5,4.0,17.5,20.0,4,100,17,yes,200.0,summer,milk,168.0,4,9,2025,12.15,gess,other,water
6,kalvs3a,2.0,n,70.0,4.0,tired,water,yes,7,yes,1,1,3,3,do_not_mind,5.5,apple,18.0,7,6.0,15.0,70.0,1,50,15,yes,150.0,spring,milk,174.0,7,6,2025,12.15,gess,water,water
5,böcke23,2.0,se,350.0,2.0,tired,coffee,yes,8,no,0,4,1,2,yes,5.0,apple,20.0,5,8.0,17.0,90.0,2,55,20,yes,100.0,fall,milk,164.0,6,7,2025,12.15,gess,coffee,coffee
7,aufde2,4.0,sw,500.0,4.0,awake,coffee,yes,8,yes,3,2,1,2,yes,6.0,microsoft,21.0,5,8.0,17.0,120.0,2,120,22,yes,230.0,spring,milk,168.0,3,5,2025,12.15,gess,coffee,coffee
2,bally1,2.0,n,1748.0,5.0,energized,coffee,yes,3,yes,2,6,1,1,do_not_mind,10.0,apple,10.0,4,3.0,10.0,100.0,1,100,17,yes,200.0,summer,milk,179.0,3,3,2025,12.15,gess,coffee,coffee
3,claus13,5.0,sw,93.0,2.0,drowsy,coffee,no,7,yes,2,8,3,2,no,5.0,neither,14.0,5,2.0,8.0,120.0,4,45,12,no,150.0,spring,milk,170.0,7,4,2025,12.15,gess,coffee,coffee
7,moenc,0.5,sw,440.0,0.0,tired,water,yes,7,no,0,3,1,1,do_not_mind,4.0,apple,7.0,4,4.0,15.0,71.0,3,50,4,yes,35.0,summer,milk,166.0,6,5,2025,12.15,gess,water,water
4,altla159,60.0,nw,335.0,1.5,drowsy,tea_with_milk,no,7,yes,1,0,7,7,no,9.0,apple,16.0,4,10.0,12.0,200.0,3,35,31,yes,250.0,summer,milk,157.0,8,4,2025,12.15,gess,tea,tea
7,970782,2.0,n,488.0,3.0,tired,tea,yes,7,yes,2,5,2,2,do_not_mind,4.8,microsoft,13.8,4,6.0,14.0,90.0,3,41,7,yes,30.0,spring,black,160.0,8,7,2025,12.15,gess,tea,tea
4,rott70,0.1,s,310.0,3.0,awake,water,yes,8,yes,1,1,2,2,do_not_mind,6.0,microsoft,17.0,6,7.0,17.0,96.0,3,12,13,yes,250.0,summer,other,163.0,7,4,2025,12.15,gess,water,water
4,z16,0.5,s,400.0,5.0,drowsy,coffee,yes,8,yes,1,3,1,1,do_not_mind,4.0,apple,20.0,4,9.0,17.0,12.0,2,16,16,yes,120.0,summer,milk,173.0,5,4,2025,12.15,uwi,coffee,coffee
4,fonta52,0.0,w,1800.0,5.0,tired,coffee,yes,7,yes,1,2,3,3,do_not_mind,4.0,microsoft,16.0,5,12.0,15.0,130.0,5,50,12,yes,200.0,spring,milk,160.0,4,4,2025,12.15,gess,coffee,coffee
9,gover,0.2,n,8500.0,10.0,energized,tea,yes,7,yes,4,1,10,10,no,2.0,apple,5.0,10,3.0,12.0,9.5,1,10,22,yes,150.0,summer,milk,171.0,8,10,2026,12.15,gess,tea,tea
7,farwa,5.0,nw,5000.0,0.0,awake,juice,no,8,yes,1,3,4,3,no,4.0,microsoft,8.0,7,20.0,12.0,13.0,3,12,6,no,450.0,spring,other,165.0,6,7,2026,12.15,gess,other,juice/smoothie
5,jalan3,0.8,sw,12.62,2.0,tired,water,no,7,yes,1,2,2,2,do_not_mind,5.4,both,17.0,3,4.0,15.9,60.0,3,30,15,yes,200.0,spring,other,153.0,3,5,2026,12.15,gess,water,water
9,schna10,15.0,n,100.0,8.0,tired,coffee,yes,7,yes,1,1,3,4,do_not_mind,6.0,microsoft,16.0,6,5.0,17.0,83.0,2,30,6,yes,150.0,summer,black,190.0,1,9,2026,12.15,gess,coffee,coffee
7,sophi27,0.5,sw,60.0,2.0,tired,coffee,yes,7,yes,1,0,2,2,no,5.5,apple,20.0,4,12.0,14.0,80.0,2,25,23,yes,250.0,summer,milk,171.0,2,7,2026,12.15,gess,coffee,coffee
8,imapf2,3.0,n,450.0,2.0,tired,water,yes,8,yes,1,3,4,5,no,4.0,apple,20.0,6,8.0,14.0,80.0,2,35,20,yes,200.0,summer,milk,190.0,1,8,2026,12.15,gess,water,water
8,alqan4,2.7,se,3007.0,0.5,awake,coffee,no,8,yes,2,10,3,3,no,7.5,microsoft,19.0,8,4.0,16.5,75.0,3,225,7,yes,180.0,fall,sugar_milk,172.0,5,8,2026,12.15,gess,coffee,coffee
9,fried54,3.0,w,75.0,3.0,energized,coffee,yes,6,yes,1,3,3,3,yes,7.0,microsoft,19.0,9,3.0,17.0,26.0,0,25,8,yes,160.0,summer,black,185.0,3,9,2026,12.15,gess,coffee,coffee
8,achte53,2.0,se,64.0,5.0,awake,coffee,yes,7,yes,1,5,3,3,no,4.0,microsoft,10.0,7,6.0,11.0,34.0,0,40,16,yes,200.0,summer,milk,189.0,7,8,2026,12.15,gess,coffee,coffee
8,hinte25,5.0,sw,73.0,8.0,awake,tea_or_matcha,no,7,yes,1,5,2,2,no,4.0,apple,9.0,6,6.0,18.0,55.0,2,40,18,yes,200.0,summer,milk,183.0,8,6,2026,12.15,gess,tea,matcha
7,imdor11,3.0,n,500.0,3.0,awake,coffee,yes,8,yes,2,1,1,2,do_not_mind,6.0,microsoft,18.0,7,5.0,14.5,70.0,3,150,12,yes,100.0,spring,milk,160.0,5,7,2026,12.15,gess,coffee,coffee
7,louis17,3.0,ne,5.529,1.0,awake,warm_water,yes,10,no,0,1,2,7,no,7.0,apple,18.0,8,3.0,14.0,21.0,0,100,8,yes,90.0,winter,sugar,164.0,5,7,2026,12.15,gess,water,water
7,sophi7,0.2,se,550.0,2.0,awake,tea,yes,7,yes,1,5,2,3,no,6.5,microsoft,20.5,7,5.0,15.0,55.0,2,58,9,no,250.0,spring,other,167.0,8,8,2026,12.15,gess,tea,tea
6,sierc101,3.0,nw,1000.0,2.0,awake,coffee_(tea_sometimes),yes,6,yes,2,7,4,5,no,5.9,both,19.5,7,5.0,15.5,60.0,1,145,22,no,200.0,spring,milk,162.0,7,7,2026,12.15,gess,coffee,coffee
8,körne11,2.2,n,121.0,2.0,awake,vitamin_juice,yes,8,yes,1,0,2,2,do_not_mind,6.5,apple,19.0,8,7.0,15.4,80.0,4,13,11,no,200.0,spring,black,177.0,1,8,2026,12.15,gess,other,juice/smoothie
6,stare7,0.5,nw,890.0,12.0,awake,tea,yes,7,yes,1,1,3,3,do_not_mind,6.0,microsoft,18.0,7,6.0,15.0,60.0,3,45,15,yes,250.0,summer,other,170.0,5,6,2026,12.15,gess,tea,tea
5,oster153,50.0,nw,50.0,2.0,awake,sparkling_water,yes,9,yes,1,1,1,1,no,6.0,apple,17.0,6,10.0,14.0,140.0,3,29,13,yes,150.0,spring,other,172.0,2,5,2026,12.15,gess,water,water
8,uhlen62,2.0,se,50.0,10.0,energized,coffee,yes,8,yes,1,0,3,4,do_not_mind,6.0,apple,18.0,6,5.0,14.0,45.0,1,190,29,yes,100.0,spring,milk,172.0,6,8,2026,12.15,gess,coffee,coffee
9,salzw7,3.0,se,70.0,5.0,energized,coffee,yes,7,yes,3,2,3,3,no,3.0,apple,15.0,6,22.0,14.0,50.0,1,40,13,no,200.0,summer,milk,163.0,1,4,2026,12.15,gess,coffee,coffee
6,amkie1,2.0,nw,50.0,2.0,awake,water,yes,6,yes,2,1,3,3,do_not_mind,6.0,microsoft,17.0,6,4.0,15.5,90.0,2,83,20,yes,120.0,spring,milk,178.0,3,6,2026,12.15,gess,water,water
5,tawfi1,0.2,e,3135.0,7.0,awake,water,yes,8,yes,1,1,4,4,do_not_mind,4.0,apple,11.0,6,6.0,10.0,17.0,5,12,7,no,220.0,spring,milk,168.0,4,5,2026,12.15,gess,water,water
7,razdo3,7.0,se,2000.0,3.0,awake,tea,yes,9,yes,2,0,5,5,yes,7.0,microsoft,20.0,6,9.0,23.0,20.0,1,90,5,no,298.0,winter,milk,175.0,4,8,2026,12.15,gess,tea,tea
7,adolf16,2.5,sw,261.0,7.0,awake,hot_water_with_lemon,yes,8,no,0,5,4,4,no,5.5,apple,17.0,5,15.0,13.0,80.0,2,25,12,yes,150.0,summer,other,165.0,3,8,2026,12.15,gess,water,water
7,ambro8,0.2,ne,499.0,2.0,awake,coffee,yes,7,yes,1,2,6,6,do_not_mind,5.5,apple,17.0,7,15.0,11.0,350.0,8,30,15,yes,150.0,spring,milk,172.0,3,7,2026,12.15,gess,coffee,coffee
9,vaish2,2.0,n,6000.0,1.0,tired,banana_apple_shake,yes,7,yes,1,11,3,4,no,6.5,microsoft,20.5,8,6.0,16.4,12.0,1,102,2,yes,120.0,spring,milk,165.0,9,9,2026,12.15,gess,other,juice/smoothie
7,bremer5,70.0,n,50.0,5.0,awake,"lime_water,_tea",yes,9,no,0,9,2,4,do_not_mind,4.0,neither,11.0,6,3.0,11.0,50.0,4,15,10,yes,150.0,spring,milk,173.0,3,5,2026,12.15,gess,tea,tea
3,amlüf17,700.0,s,700.0,6.0,tired,coffee,yes,6,yes,3,2,2,2,do_not_mind,3.5,microsoft,18.0,4,6.0,14.0,64.0,2,30,12,yes,150.0,spring,black,164.0,8,4,2026,12.15,gess,coffee,coffee
6,rings25,2.7,sw,541.0,7.0,awake,coffee,yes,7,yes,1,1,3,4,do_not_mind,5.5,apple,18.0,6,4.0,13.5,90.0,2,120,22,no,300.0,summer,milk,172.0,8,8,2026,12.15,gess,coffee,coffee
6,haupt15,5.0,nw,274.0,0.0,tired,monster_energy,no,8,yes,2,2,3,2,no,4.0,microsoft,14.0,3,2.0,14.0,35.0,0,58,6,yes,100.0,spring,milk,169.0,7,7,2026,12.15,gess,other,energy_drink
8,boeck25,5.0,se,350.0,1.0,drowsy,coffee,yes,8,no,0,4,1,2,yes,4.5,apple,16.0,6,9.0,13.0,90.0,2,30,20,yes,250.0,fall,milk,164.0,6,7,2026,12.15,gess,coffee,coffee
4,impeu24,10.0,sw,33.0,3.0,tired,water,yes,7,yes,1,2,1,1,do_not_mind,4.0,microsoft,15.0,3,6.0,15.5,140.0,2,52,10,yes,15.0,spring,other,181.0,7,4,2026,12.15,gess,water,water
8,lessi25b,2.0,s,1800.0,16.0,awake,water,yes,8,yes,2,1,2,2,no,6.0,apple,15.0,9,5.0,15.5,65.0,1,53,10,yes,350.0,spring,sugar_milk,175.0,8,9,2026,12.15,gess,water,water
8,garte21,10.0,ne,600.0,2.0,awake,tea,no,8,no,0,6,4,7,no,6.0,microsoft,19.0,8,4.0,17.0,24.0,0,139,16,yes,100.0,fall,milk,175.0,8,8,2026,12.15,gess,tea,tea
10,banko12a,0.3,ne,789.0,3.0,energized,cacao,yes,8,no,0,2,4,4,yes,5.0,apple,16.0,5,15.0,15.5,53.0,1,300,13,yes,150.0,spring,sugar_milk,166.0,4,10,2026,12.15,gess,other,chocolate
4,pfalz19,0.0,w,250.0,3.0,drowsy,coffee,yes,7,no,0,1,4,2,no,6.0,apple,18.0,7,5.0,15.5,140.0,5,20,21,yes,60.0,summer,milk,163.0,7,6,2026,12.15,gess,coffee,coffee
8,nette2b,2.0,s,53.0,10.0,tired,water,yes,8,yes,2,1,3,3,yes,6.5,apple,21.0,5,5.0,15.0,90.0,1,92,22,yes,300.0,summer,milk,175.0,9,8,2026,12.15,gess,water,water
6,astra9,1.0,se,573.0,6.0,tired,coffee,yes,7,yes,1,0,4,4,yes,8.0,apple,28.0,5,11.0,20.0,180.0,8,112,21,yes,120.0,summer,black,177.0,4,6,2026,12.15,gess,coffee,coffee
7,amrei4,4.0,ne,120.0,3.0,awake,coffee,yes,9,yes,1,1,3,4,do_not_mind,6.2,microsoft,21.0,7,9.0,17.0,30.0,0,215,4,yes,200.0,summer,milk,174.0,9,7,2026,12.15,gess,coffee,coffee
6,thigi5,1.0,ne,9500.0,4.0,awake,tea,yes,7,yes,1,3,2,4,do_not_mind,4.0,microsoft,14.0,5,12.0,14.0,47.0,1,23,12,yes,150.0,summer,milk,158.0,5,6,2026,12.15,gess,tea,tea
6,diebr341,2.3,s,207.0,9.0,tired,water,yes,8,yes,2,45,3,4,do_not_mind,6.5,microsoft,21.0,6,11.0,16.5,100.0,2,200,8,yes,200.0,spring,milk,168.0,9,7,2026,12.15,gess,water,water
8,blume20,500.0,n,738.0,10.0,awake,coffee_or_tea,yes,8,yes,2,1,3,3,no,6.0,microsoft,21.0,8,10.0,14.5,60.0,2,98,13,yes,250.0,fall,milk,168.0,10,8,2026,12.15,gess,coffee,coffee
6,schne7,60.0,se,480.0,3.0,drowsy,coffee,yes,7,yes,1,2,2,4,do_not_mind,6.0,apple,16.0,5,5.0,15.0,24.0,0,20,10,yes,280.0,fall,sugar_milk,175.0,4,6,2026,12.15,gess,coffee,coffee
3,eucke10,800.0,s,800.0,10.0,drowsy,coffee,yes,7,yes,1,2,3,2,yes,6.0,microsoft,22.0,1,3.0,15.0,90.0,2,147,15,yes,350.0,summer,black,188.0,7,4,2026,12.15,gess,coffee,coffee
8,carlv15,0.2,w,71.0,8.0,tired,water,yes,9,yes,1,1,2,2,yes,4.0,apple,12.0,4,7.0,20.0,60.0,2,30,10,yes,100.0,summer,milk,165.0,3,7,2026,12.15,gess,water,water
4,goeth16,2.5,s,700.0,6.0,drowsy,orange_juice,yes,9,yes,2,3,2,2,no,7.0,microsoft,24.0,7,7.0,20.0,55.0,1,79,9,no,150.0,fall,other,170.0,5,6,2026,12.15,gess,other,juice/smoothie
8,amkre1,1.4,n,6848.0,4.0,energized,coffee,yes,9,yes,1,0,2,2,no,8.0,microsoft,23.0,7,7.0,20.0,23.0,0,23,25,yes,100.0,summer,milk,177.0,9,9,2026,12.15,gess,coffee,coffee
9,hoegd2b,0.8,n,395.0,3.0,energized,chocolate_oat_milk,yes,8,no,0,5,1,1,no,5.5,apple,15.5,7,3.0,16.0,66.0,2,49,5,yes,90.0,summer,other,162.0,4,7,2026,12.15,gess,other,chocolate
7,ottoo5,0.5,n,400.0,5.0,awake,coffee,yes,8,no,0,3,2,3,no,6.0,apple,17.0,5,19.0,15.5,27.0,0,91,10,yes,90.0,summer,milk,178.0,4,7,2026,12.15,gess,coffee,coffee
7,denis220,4.0,n,450.0,3.0,tired,coffee,yes,8,yes,2,0,4,4,no,3.0,microsoft,13.0,6,7.0,15.0,80.0,2,103,22,yes,200.0,spring,milk,167.0,4,8,2026,12.15,gess,coffee,coffee
6,brand19,135.0,sw,148.0,4.0,awake,coffee,yes,8,yes,1,2,2,3,do_not_mind,6.5,microsoft,18.0,7,10.0,15.5,137.0,6,75,15,yes,250.0,summer,milk,168.0,10,9,2026,12.15,gess,coffee,coffee
7,lauch5,2.0,ne,250.0,3.0,energized,coffee,yes,9,yes,2,9,3,3,no,4.0,apple,15.0,6,20.0,11.0,170.0,5,112,30,yes,250.0,summer,milk,165.0,5,7,2026,12.15,gess,coffee,coffee
8,riedw10,11.0,ne,454.0,6.5,tired,juice,yes,10,no,0,4,2,2,do_not_mind,5.0,microsoft,21.0,6,10.0,20.0,100.0,2,20,40,no,70.0,summer,other,157.0,8,8,2026,12.15,gess,other,juice/smoothie
4,opden32,7.5,n,44.0,0.0,drowsy,water,no,4,yes,1,2,4,4,do_not_mind,8.0,neither,20.5,4,4.0,15.0,22.0,0,15,6,no,70.0,fall,other,165.0,4,5,2026,12.15,uwi,water,water
4,eiche57,3.0,nw,122.0,0.0,drowsy,water,yes,8,yes,4,2,4,4,no,6.0,microsoft,16.0,2,5.0,15.5,125.0,5,77,9,no,140.0,spring,sugar_milk,172.0,7,6,2026,12.15,gess,water,water
7,gusta12,0.21,se,55.0,0.0,awake,coffee,no,6,no,0,3,2,2,no,6.0,apple,19.0,7,4.0,14.0,52.0,1,230,17,yes,300.0,summer,milk,176.0,5,7,2026,12.15,gess,coffee,coffee
8,nacht7,2.5,s,100.0,3.0,energized,coffee,yes,9,yes,1,4,2,2,do_not_mind,7.0,apple,24.0,7,9.0,21.0,55.0,1,66,15,no,150.0,spring,milk,172.0,5,8,2026,12.15,gess,coffee,coffee
7,oeden10,4.0,nw,233.0,2.0,tired,tea,yes,8,yes,2,2,4,4,yes,7.0,microsoft,20.0,8,10.0,15.0,60.0,3,90,10,no,230.0,spring,sugar_milk,176.0,9,8,2026,12.15,gess,tea,tea
8,aufde17,3.5,n,226.0,2.0,awake,orange_juice,yes,8,yes,2,1,4,4,yes,5.5,microsoft,18.0,9,7.0,18.5,160.0,5,177,16,yes,100.0,spring,sugar_milk,153.0,3,8,2026,12.15,gess,other,juice/smoothie
5,heinz30,80.0,s,260.0,2.0,tired,coffee,yes,6,yes,1,0,1,2,no,6.5,microsoft,22.0,4,12.0,16.0,48.0,0,123,7,yes,250.0,fall,black,181.0,7,5,2026,12.15,uwi,coffee,coffee
6,wacho8,0.35,w,200.0,1.0,awake,juice,yes,8,no,0,4,3,3,no,6.5,microsoft,18.0,6,9.0,13.8,31.69,5,82,20,yes,200.0,spring,milk,166.0,9,8,2026,12.15,gess,other,juice/smoothie
7,eggew15,3.0,sw,102.0,6.0,drowsy,tea,no,7,yes,2,7,4,4,do_not_mind,7.0,both,23.0,7,8.0,20.0,100.0,2,36,25,no,100.0,spring,black,172.0,8,8,2026,12.15,gess,tea,tea
7,stein24,55.0,e,8500.0,0.0,tired,water,yes,5,yes,1,10,3,3,yes,6.0,microsoft,17.0,5,5.0,15.5,77.0,1,100,20,yes,300.0,fall,milk,162.0,4,6,2026,12.15,gess,water,water
7,galge14,3.0,nw,619.0,4.0,tired,coffee,yes,7,yes,1,2,2,2,yes,5.0,both,15.0,5,18.0,16.0,250.0,8,183,13,no,170.0,spring,milk,173.0,6,7,2026,12.15,gess,coffee,coffee
4,sauer54,2.0,w,64.0,0.0,tired,"spezi,_water",no,6,yes,1,50,1,1,do_not_mind,5.7,microsoft,18.0,4,34.0,17.0,125.0,1,110,4,no,300.0,winter,sugar_milk,165.0,8,4,2026,12.15,uwi,water,water
7,koble54,2.0,n,226.0,3.0,awake,water,yes,7,yes,2,1,4,2,do_not_mind,7.0,microsoft,19.5,6,8.0,15.5,17.0,6,12,27,yes,275.0,summer,milk,184.0,5,6,2026,12.15,uwi,water,water
8,meien63,2.9,nw,58.0,7.0,drowsy,water,yes,8,yes,2,5,2,3,do_not_mind,6.3,apple,21.1,7,16.0,7.6,61.0,1,60,27,yes,110.0,spring,sugar_milk,164.0,6,8,2026,12.15,gess,water,water
6,ratha32,0.2,s,500.0,3.0,drowsy,tea_and_water,yes,7,yes,2,6,1,1,do_not_mind,5.0,apple,20.0,4,7.0,13.0,240.0,6,6,5,yes,170.0,spring,other,173.0,1,8,2026,12.15,uwi,tea,tea
9,crana46,2.0,nw,215.0,2.0,energized,water,yes,7,yes,1,3,1,1,no,6.0,apple,21.0,9,11.0,14.0,85.0,3,122,6,yes,100.0,spring,other,172.0,9,8,2026,12.15,uwi,water,water
5,silbe26/1,70.0,nw,480.0,6.0,drowsy,water,no,8,yes,2,0,4,4,yes,7.0,microsoft,22.5,3,4.0,17.0,90.0,8,212,12,no,200.0,summer,other,180.0,1,4,2026,12.15,uwi,water,water
9,walst16,55.0,ne,55.0,1.0,awake,water,yes,8,yes,1,2,3,3,yes,5.0,microsoft,20.0,7,15.0,16.0,200.0,3,25,15,yes,200.0,summer,sugar_milk,171.0,6,8,2026,12.15,uwi,water,water
7,kiefe20,4.0,nw,170.0,5.0,awake,water,no,8,yes,2,6,2,4,do_not_mind,6.0,microsoft,20.0,9,5.0,16.0,68.0,6,25,13,yes,200.0,fall,sugar_milk,164.0,10,7,2026,12.15,uwi,water,water
5,marti2,0.3,ne,573.0,1.0,awake,coffee,yes,7,yes,1,1,3,4,no,11.0,apple,17.0,7,9.0,16.0,120.0,4,87,30,yes,250.0,spring,milk,179.0,1,5,2026,12.15,uwi,coffee,coffee
6,birke28,5.0,w,100.0,5.0,drowsy,water,yes,7,yes,1,0,2,1,do_not_mind,6.0,apple,20.0,6,8.0,13.0,70.0,2,20,6,no,350.0,spring,other,182.0,2,6,2026,12.15,uwi,water,water
7,sacks11a,1.0,s,572.0,3.0,drowsy,water,yes,8,yes,2,4,2,3,do_not_mind,5.0,apple,19.0,7,4.0,15.4,16.0,1,50,14,no,200.0,spring,other,175.0,3,5,2026,12.15,uwi,water,water
4,beide36,0.5,n,40.0,4.0,awake,tee_and_coffee,yes,7,yes,1,2,4,4,no,10.0,apple,24.0,6,6.0,18.0,120.0,7,30,11,no,240.0,spring,milk,167.0,8,6,2026,12.15,uwi,coffee,coffee
8,bergs4,5.0,ne,50.0,3.0,awake,water&tea,no,9,yes,2,3,1,2,no,7.0,both,18.0,9,3.0,15.5,40.0,1,120,14,yes,200.0,winter,milk,178.0,4,10,2026,12.15,uwi,tea,tea
3,stein47,2.5,nw,110.0,4.0,tired,water,yes,9,yes,1,0,2,2,do_not_mind,6.5,microsoft,22.0,3,3.0,15.4,54.0,1,30,15,yes,250.0,summer,milk,188.0,9,4,2026,12.15,uwi,water,water
9,diahr6,2.0,n,60.0,8.0,awake,coffee,yes,7,yes,2,10,3,3,yes,6.0,microsoft,20.0,6,8.0,16.0,120.0,4,110,9,yes,280.0,summer,milk,183.0,6,9,2026,12.15,uwi,coffee,coffee
8,dorfs34,62.8,se,196.0,3.0,drowsy,coffee,no,7,yes,2,20,2,2,do_not_mind,6.0,microsoft,18.0,6,7.0,8.0,30.0,3,5,12,yes,400.0,summer,milk,179.0,2,6,2026,12.15,uwi,coffee,coffee
7,strem52,1.0,e,50.0,10.0,energized,green_tea_with_lemon_juice,yes,8,yes,1,0,3,3,yes,7.0,microsoft,20.0,8,5.0,16.0,18.0,5,131,10,yes,200.0,summer,milk,192.0,2,8,2026,12.15,uwi,tea,tea
6,lipia3,0.5,sw,50.0,0.0,awake,water,no,7,no,0,3,1,1,yes,7.0,apple,21.0,6,6.0,16.0,17.0,0,20,10,yes,80.0,summer,milk,184.0,6,7,2026,12.15,uwi,water,water
6,lorns154,2.0,n,80.0,7.0,tired,water,yes,7,yes,1,2,2,3,do_not_mind,5.0,apple,8.0,6,5.0,9.0,80.0,2,30,8,yes,150.0,spring,sugar_milk,172.0,7,6,2026,12.15,uwi,water,water
7,bären8,2.5,nw,70.0,3.0,awake,water,yes,6,no,0,0,2,2,yes,6.0,microsoft,20.0,7,4.0,15.0,44.0,1,53,14,no,200.0,summer,other,184.0,5,7,2026,12.15,uwi,water,water
8,arndt17,2.0,s,150.0,3.0,awake,tea,yes,10,no,0,8,3,3,yes,4.5,apple,15.0,7,9.0,14.6,100.0,7,200,50,yes,300.0,fall,milk,173.0,5,8,2026,12.15,uwi,tea,tea
3,nords74b,1.5,ne,180.0,2.0,tired,tea,yes,9,yes,1,2,2,2,do_not_mind,7.0,microsoft,22.0,8,3.0,19.0,95.0,2,170,7,yes,270.0,spring,sugar,189.0,4,5,2026,12.15,uwi,tea,tea
7,hauke11,2.5,n,72.0,1.0,awake,tea,no,7,yes,1,5,4,4,yes,6.0,microsoft,19.0,8,10.0,16.0,60.0,2,50,25,yes,100.0,summer,sugar_milk,157.0,7,8,2026,12.15,uwi,tea,tea
7,grabe189,0.5,nw,217.0,1.0,awake,water,yes,8,yes,1,5,1,1,no,5.6,both,20.0,7,13.0,16.7,73.4,2,72,16,no,170.0,fall,other,172.0,3,5,2026,12.15,uwi,water,water
6,imwen,2.8,e,631.0,4.0,tired,coffee,yes,8,yes,1,3,2,2,do_not_mind,4.5,apple,10.0,7,10.0,14.67,80.0,2,100,15,yes,350.0,spring,black,166.0,7,5,2026,12.15,uwi,coffee,coffee
7,wiese30,1.0,e,400.0,10.0,tired,coffee,no,8,yes,1,5,2,2,do_not_mind,5.0,apple,16.0,6,12.0,14.0,40.0,1,10,10,yes,250.0,spring,milk,174.0,5,6,2026,12.15,uwi,coffee,coffee
8,hasse16,500.0,s,321.0,2.0,awake,lemon_water,yes,8,yes,3,0,5,5,no,7.3,apple,21.0,7,8.0,14.6,96.2,2,128,17,yes,250.0,summer,milk,160.0,2,6,2026,12.15,uwi,water,water
7,parka34,2.0,n,45.0,2.0,awake,tea,yes,9,yes,1,1,1,1,do_not_mind,5.0,neither,16.0,5,5.0,14.0,55.0,1,50,15,yes,150.0,summer,milk,172.0,3,5,2026,12.15,uwi,tea,tea
8,eppen174,75.0,nw,80.0,5.0,tired,lemon_tea,yes,8,yes,1,0,4,4,no,5.0,microsoft,22.0,6,7.0,11.0,82.0,4,71,15,yes,30.0,summer,other,176.0,3,8,2026,12.15,uwi,tea,tea
6,emilh11,4.0,ne,550.0,2.0,awake,coffee,yes,9,yes,1,2,3,2,do_not_mind,5.0,microsoft,18.0,7,7.0,16.21,175.0,5,40,9,yes,50.0,spring,milk,174.0,2,5,2026,12.15,uwi,coffee,coffee
7,proze2,1.6,n,152.0,3.5,drowsy,water,yes,9,yes,2,20,2,2,do_not_mind,5.0,both,15.0,4,7.0,15.5,75.0,2,40,18,yes,150.0,spring,other,168.0,1,6,2026,12.15,uwi,water,water
7,käthn27,2.5,n,60.0,2.0,awake,coffee,no,8,yes,1,0,4,3,do_not_mind,6.0,apple,15.0,6,6.0,15.5,88.0,2,100,17,yes,200.0,summer,black,196.0,2,7,2026,12.15,uwi,coffee,coffee
7,kumme122,0.5,ne,430.0,6.0,awake,water,yes,8,yes,3,2,3,2,do_not_mind,5.0,apple,20.0,8,8.0,17.0,50.0,2,30,15,yes,200.0,spring,other,171.0,4,9,2026,12.15,uwi,water,water
7,sepph52,300.0,nw,300.0,4.0,awake,water,yes,7,yes,1,1,3,4,yes,5.0,apple,17.0,5,5.0,15.0,70.0,3,30,13,no,150.0,spring,milk,169.0,3,7,2026,12.15,uwi,water,water
9,valls156,3.0,se,1877.0,5.5,awake,tea,yes,8,yes,1,0,5,5,no,6.0,microsoft,17.0,6,12.0,15.0,200.0,3,30,18,yes,150.0,spring,milk,168.0,2,9,2026,12.15,uwi,tea,tea
8,prome1,2.0,n,1000.0,4.0,tired,coffee,yes,8,yes,1,0,2,3,yes,4.0,microsoft,15.0,6,10.0,13.0,20.0,8,30,15,no,150.0,summer,milk,172.0,4,4,2026,12.15,uwi,coffee,coffee
5,haupt24,2.0,nw,70.0,1.0,awake,coffee,yes,6,yes,1,7,1,2,no,5.0,microsoft,14.0,4,10.0,15.0,75.0,2,40,6,yes,100.0,summer,sugar_milk,182.0,10,6,2026,12.15,uwi,coffee,coffee
6,sandb28,37.0,s,34.0,3.0,tired,icecoffee,yes,6,yes,2,18,3,5,do_not_mind,3.0,apple,7.0,4,24.0,13.0,150.0,4,67,6,yes,70.0,summer,milk,163.0,8,7,2026,12.15,gess,coffee,coffee
6,köhnh,1.1,w,63.0,2.0,tired,coffee,yes,7,yes,3,4,2,2,do_not_mind,4.0,apple,15.0,6,6.0,12.0,60.0,3,24,14,yes,80.0,spring,milk,175.0,4,6,2026,12.15,uwi,coffee,coffee
7,suder24,500.0,s,40.0,3.0,awake,tea,yes,8,yes,1,2,2,2,do_not_mind,4.0,microsoft,12.0,8,6.0,16.0,17.0,5,50,20,yes,220.0,summer,other,165.0,7,7,2026,12.15,uwi,tea,tea
9,rober7,2.7,nw,691.0,1.0,awake,water,yes,8,yes,1,2,2,2,do_not_mind,6.0,microsoft,16.0,9,7.0,15.0,32.0,1,25,6,yes,70.0,spring,other,170.0,3,9,2026,12.15,uwi,water,water
8,amzol6,3.4,s,142.0,2.0,awake,water,yes,9,yes,3,6,4,3,yes,6.5,microsoft,17.0,6,6.0,15.0,180.0,7,67,14,yes,120.0,summer,other,175.0,4,8,2026,12.15,uwi,water,water
3,dahle5a,55.0,nw,60.0,1.5,tired,tea,yes,8,yes,1,3,0,1,no,7.0,microsoft,15.0,3,6.0,12.0,150.0,3,10,13,yes,0.0,spring,other,160.0,7,2,2026,12.15,uwi,tea,tea
7,georg12,4.0,n,117.0,2.0,awake,water,yes,7,yes,2,6,1,1,do_not_mind,5.9,microsoft,19.5,6,10.0,14.0,85.0,1,37,12,no,350.0,fall,black,166.0,3,6,2026,12.15,uwi,water,water
7,amspo13,2.9,n,121.0,1.0,tired,cappuccino,yes,6,yes,1,1,3,3,yes,6.0,microsoft,15.0,7,5.0,14.0,40.0,1,15,15,yes,100.0,spring,milk,164.0,3,8,2026,12.15,uwi,coffee,coffee
8,walds1b,3.0,n,45.0,2.0,tired,coffee,yes,8,yes,2,1,2,3,no,3.5,apple,23.0,4,4.0,15.5,55.0,1,120,15,yes,217.0,spring,milk,187.0,7,7,2026,12.15,uwi,coffee,coffee
7,hoppe47,2.0,s,429.0,4.0,awake,coffee,yes,9,yes,2,1,3,3,do_not_mind,5.5,apple,20.0,7,6.0,15.0,45.0,4,35,14,yes,250.0,spring,milk,152.0,4,6,2026,12.15,uwi,coffee,coffee
7,zehde16,1.9,nw,216.0,8.0,awake,tea,yes,8,yes,1,0,3,3,no,6.0,microsoft,14.0,7,8.0,15.0,120.0,4,35,18,yes,160.0,summer,sugar_milk,172.0,4,7,2026,12.15,uwi,tea,tea
7,panji7,2.5,e,4027.0,0.0,awake,tea,yes,7,yes,1,6,3,4,no,4.0,microsoft,15.0,8,10.0,6.7,10.0,2,20,10,yes,150.0,spring,sugar_milk,176.0,8,7,2026,12.15,gess,tea,tea
8,doorn170,1.0,n,690.0,5.0,tired,green_tea,yes,8,yes,2,2,4,4,no,5.3,apple,6.0,4,7.0,15.0,17.0,5,27,25,yes,200.0,summer,other,175.0,4,6,2026,12.15,gess,tea,tea
9,georg116,1.5,s,720.0,7.0,tired,coffee,yes,8,yes,1,3,3,2,no,6.0,both,18.0,8,6.0,15.0,120.0,5,25,21,yes,180.0,summer,milk,183.0,3,9,2026,8.15,uwi,coffee,coffee
4,görli23,2.7,se,416.0,1.5,awake,water,yes,9,yes,1,0,4,4,no,5.0,microsoft,10.0,5,7.0,7.0,71.0,3,15,19,yes,250.0,spring,other,170.0,4,4,2026,8.15,uwi,water,water
7,magnu4,2.0,sw,150.0,1.0,tired,coffee,no,7,yes,1,3,2,1,do_not_mind,5.0,apple,18.0,7,5.0,8.0,80.0,4,30,14,no,180.0,spring,milk,184.0,2,8,2026,8.15,uwi,coffee,coffee
8,heinr11,2.0,w,800.0,5.0,energized,tea,yes,8,yes,3,2,2,2,do_not_mind,7.0,microsoft,15.0,8,7.0,10.0,100.0,4,30,10,yes,250.0,summer,other,176.0,5,8,2026,8.15,uwi,tea,tea
7,nordf9,3.0,n,260.0,5.0,awake,matcha_or_cocoa,yes,8,no,0,3,2,2,do_not_mind,4.0,microsoft,14.0,8,6.0,14.0,110.0,6,9,7,yes,120.0,spring,other,177.0,2,8,2026,8.15,uwi,tea,matcha
8,vossha6,3.5,nw,285.0,1.0,drowsy,coffee,no,5,yes,1,6,4,4,do_not_mind,6.0,both,14.0,8,3.0,13.0,70.0,2,30,20,yes,350.0,spring,black,165.0,2,9,2026,8.15,uwi,coffee,coffee
6,graffr41,0.3,n,353.0,2.0,awake,cacoa,yes,7,yes,1,4,2,1,yes,7.0,microsoft,25.0,6,12.0,12.0,134.0,5,57,13,yes,250.0,spring,sugar_milk,191.0,8,6,2026,8.15,uwi,other,chocolate
3,lohee24,0.2,s,80.0,6.0,awake,water,yes,6,yes,2,5,2,2,do_not_mind,6.0,microsoft,14.0,4,4.0,13.0,40.0,2,46,12,no,300.0,summer,milk,167.0,8,4,2026,8.15,uwi,water,water
6,oberh5,0.4,w,240.0,8.0,tired,coffee,yes,7,yes,1,2,2,2,do_not_mind,6.0,apple,16.0,5,7.0,15.4,75.0,4,87,13,yes,350.0,summer,milk,186.0,7,5,2026,8.15,uwi,coffee,coffee
7,ehren8,0.0,nw,240.0,1.0,awake,water,yes,8,yes,1,0,2,2,no,5.0,apple,20.0,7,4.0,20.0,65.0,2,85,13,yes,160.0,summer,milk,167.0,4,7,2026,8.15,uwi,water,water
7,amfuc5,2.5,w,140.0,3.0,drowsy,tea,yes,8,yes,2,5,2,2,do_not_mind,6.5,microsoft,19.0,6,6.0,16.0,110.0,3,70,10,yes,200.0,spring,milk,176.0,4,7,2026,8.15,uwi,tea,tea
5,schmo1,2.4,ne,600.0,3.0,awake,water,yes,9,yes,3,2,3,3,do_not_mind,6.0,neither,21.0,7,3.0,12.0,120.0,4,15,12,yes,190.0,fall,milk,174.0,2,5,2026,8.15,uwi,water,water
8,rotfe6,4.0,n,560.0,6.0,tired,tea,yes,6,yes,1,2,2,2,no,6.5,apple,15.0,6,11.0,15.5,160.0,3,192,25,no,160.0,summer,milk,170.0,7,8,2026,8.15,uwi,tea,tea
7,t15,1.1,ne,180.0,1.0,awake,water,yes,8,yes,3,0,4,3,do_not_mind,4.0,apple,20.0,6,9.0,15.4,350.0,8,74,12,no,220.0,spring,other,178.0,3,6,2026,8.15,uwi,water,water
8,sensb179,2.0,n,123.0,8.0,tired,water,yes,7,yes,1,0,2,3,no,8.0,microsoft,20.0,7,4.0,13.0,100.0,2,48,12,yes,380.0,spring,milk,200.0,6,5,2026,8.15,uwi,water,water
5,lulle7,3.0,nw,300.0,3.0,drowsy,tea,yes,7,yes,2,5,3,3,yes,3.5,apple,11.0,8,6.0,8.0,25.0,0,20,15,yes,30.0,spring,milk,170.0,3,7,2026,8.15,uwi,tea,tea
7,zumwa2,0.4,n,120.0,2.0,awake,coffee,no,8,no,0,12,1,2,no,6.5,apple,14.0,6,6.0,10.0,378.0,8,5,6,yes,150.0,summer,other,167.0,7,7,2026,8.15,uwi,coffee,coffee
6,ander1,450.0,w,150.0,0.0,tired,juice,no,8,yes,2,2,2,2,no,5.0,apple,10.0,5,5.0,10.0,130.0,5,65,14,yes,120.0,summer,milk,173.0,7,5,2026,8.15,uwi,other,juice/smoothie
7,böhme33,0.5,se,762.0,2.0,awake,coffee,yes,8,no,0,3,3,4,do_not_mind,5.0,apple,12.0,7,8.0,10.0,240.0,5,60,5,yes,50.0,fall,milk,186.0,8,6,2026,8.15,uwi,coffee,coffee
8,edelz21,4.0,nw,300.0,10.0,energized,tea,yes,7,yes,3,15,4,3,yes,4.0,apple,16.0,9,4.0,11.0,40.0,3,6,15,yes,170.0,fall,other,173.0,6,8,2023,8.15,gess,other,tea
7,ludwi1,6.0,e,700.0,4.0,awake,coffee,yes,8,yes,2,0,1,2,yes,6.0,neither,20.0,7,5.0,15.6,85.0,3,0,12,no,200.0,summer,milk,182.0,8,7,2023,8.15,gess,coffee,coffee
5,trift33,2.0,nw,30.0,2.0,tired,water,yes,8,yes,1,0,1,2,no,3.0,microsoft,15.0,8,4.0,13.0,70.0,2,15,22,no,200.0,spring,milk,179.0,6,6,2023,8.15,gess,water,water
6,grne40,2.5,sw,65.0,2.0,awake,water,yes,7,yes,1,0,2,2,do_not_mind,6.3,both,16.5,6,10.0,15.0,100.0,2,30,15,yes,150.0,summer,milk,174.0,3,6,2023,8.15,gess,water,water
8,bergs89,2.5,n,150.0,3.5,awake,tea,yes,8,yes,2,2,5,5,do_not_mind,6.0,microsoft,19.5,8,7.0,17.5,90.0,4,196,13,yes,180.0,fall,milk,175.0,9,8,2023,8.15,gess,other,tea
5,alton3809,2.0,se,891.0,5.0,awake,coffee,yes,7,yes,3,1,7,7,no,5.0,both,15.0,6,15.0,9.0,75.0,1,17,20,yes,120.0,summer,milk,173.0,9,5,2023,8.15,gess,other,coffee
6,erlen7,1.0,sw,338.0,6.0,energized,tea,yes,7,yes,2,0,2,3,no,5.0,both,20.0,8,10.0,14.86,73.0,2,47,10,yes,150.0,winter,milk,178.0,9,8,2023,8.15,gess,other,tea
7,amkre9,3.0,nw,742.0,1.0,awake,tea,yes,6,yes,1,3,2,2,do_not_mind,6.0,microsoft,17.0,7,7.0,16.0,90.0,2,144,11,yes,60.0,summer,sugar_milk,165.0,7,7,2023,8.15,gess,other,tea
5,billg15,72.0,nw,50.0,12.0,drowsy,tea,yes,8,no,0,2,3,4,do_not_mind,5.0,apple,17.0,5,8.0,13.7,35.0,2,97,8,yes,110.0,fall,milk,166.0,2,5,2023,8.15,gess,other,tea
4,schul26,2.0,nw,400.0,0.0,awake,coffee,no,6,yes,1,0,2,2,do_not_mind,6.5,microsoft,18.0,7,6.0,18.0,80.0,1,10,12,no,250.0,summer,black,183.0,1,4,2023,8.15,gess,coffee,coffee
8,garte2,3.0,nw,282.0,11.0,awake,latte_machhiato,yes,8,yes,3,2,3,2,do_not_mind,4.0,microsoft,20.0,9,7.0,15.6,110.0,6,100,9,yes,200.0,summer,sugar_milk,185.0,6,8,2023,8.15,gess,coffee,coffee
6,rhein34,2.0,s,639.0,2.0,awake,water,yes,7,no,0,3,4,4,no,6.8,both,17.5,9,3.0,15.4,30.0,0,55,5,yes,160.0,spring,other,175.0,6,6,2023,8.15,gess,water,water
9,feuer40,1.5,n,370.0,3.0,energized,ginger_shot,yes,10,yes,3,1,4,4,do_not_mind,7.0,both,24.0,10,8.0,18.0,60.0,1,70,17,yes,300.0,fall,other,170.0,7,9,2023,8.15,gess,other,juice/smoothie
9,holst58,0.5,w,600.0,4.0,awake,water,yes,8,yes,1,1,1,2,do_not_mind,8.0,apple,21.0,9,6.0,19.0,110.0,5,103,14,yes,115.0,summer,milk,175.0,2,9,2023,8.15,gess,water,water
7,rueem9,2.3,s,818.0,1.0,tired,tea,yes,7,yes,1,4,6,2,do_not_mind,5.5,microsoft,15.5,7,5.0,14.5,120.0,3,130,19,yes,80.0,spring,other,169.0,8,7,2023,8.15,gess,other,tea
5,fuent2,3.0,nw,8600.7,10.0,tired,coffee,no,6,yes,4,5,4,4,no,5.5,microsoft,20.0,4,10.0,11.0,77.0,3,93,3,yes,300.0,spring,sugar_milk,167.0,4,6,2023,8.15,gess,coffee,coffee
7,ortho8,3.0,n,123.0,3.0,awake,coffee,yes,8,no,0,3,2,2,do_not_mind,5.0,microsoft,15.0,7,7.0,12.0,100.0,5,60,16,yes,150.0,spring,milk,168.0,6,7,2023,8.15,gess,coffee,coffee
6,garte27,3.1,nw,461.0,3.5,drowsy,coffee,yes,8,yes,1,5,3,3,no,5.0,microsoft,14.0,8,6.0,12.0,15.0,1,15,6,no,100.0,spring,milk,164.0,7,7,2023,8.15,gess,coffee,coffee
8,haupt29,1.7,n,350.0,1.0,awake,coffee,yes,8,yes,6,2,1,1,do_not_mind,7.0,microsoft,22.0,8,4.0,15.0,89.0,3,60,10,yes,200.0,summer,black,190.0,6,8,2023,8.15,gess,coffee,coffee
3,giova8,1.4,n,1373.7,2.0,awake,tea,yes,7,yes,1,3,4,4,no,6.0,apple,14.0,6,3.0,12.0,60.0,4,20,3,no,80.0,spring,milk,160.0,7,4,2023,8.15,gess,other,tea
6,tanne20,2.5,ne,437.0,5.0,tired,flat_white,yes,7,yes,1,6,1,2,do_not_mind,6.4,microsoft,21.3,6,7.0,16.5,90.0,4,162,8,yes,200.0,spring,black,179.0,7,7,2023,8.15,gess,coffee,coffee
8,lessi,2.0,s,300.0,3.0,awake,tea,no,8,yes,3,0,3,5,yes,5.0,microsoft,8.0,6,4.0,8.0,8.0,5,30,10,yes,200.0,spring,black,172.0,10,10,2023,8.15,gess,other,tea
8,amfis74,0.8,w,57.0,0.0,drowsy,black_tea,yes,8,yes,1,0,1,1,do_not_mind,6.0,microsoft,18.0,7,8.0,16.0,50.0,1,8,8,no,80.0,summer,milk,178.0,2,8,2023,8.15,gess,black_tea,tea
7,schal107,2.0,s,250.0,1.0,drowsy,coffee,yes,6,yes,1,3,4,5,do_not_mind,9.0,microsoft,18.0,10,3.0,21.0,90.0,4,45,18,yes,200.0,summer,milk,180.0,5,6,2023,8.15,gess,coffee,coffee
7,klaes25,2.3,ne,155.0,10.0,awake,coffee,yes,7,yes,1,4,3,2,yes,6.0,microsoft,15.0,7,9.0,15.0,100.0,2,84,10,yes,150.0,spring,black,173.0,6,7,2023,8.15,gess,coffee,coffee
6,luise3,2.0,n,150.0,1.0,drowsy,coffee,no,6,no,0,0,1,2,do_not_mind,6.0,microsoft,19.0,8,3.0,16.0,100.0,5,28,9,yes,300.0,summer,sugar_milk,186.0,3,2,2023,8.15,gess,coffee,coffee
9,matte76c,3.0,se,400.0,4.0,awake,water,yes,9,yes,1,1,2,2,no,7.0,microsoft,19.0,8,6.0,11.0,99.0,4,20,12,yes,125.0,spring,other,171.0,8,5,2023,12.15,uwi,water,water
8,wilhe9,300.0,ne,350.0,5.0,awake,coffee,yes,8,yes,2,5,3,3,do_not_mind,6.0,apple,15.0,7,3.0,10.0,20.0,5,42,15,yes,350.0,spring,black,190.0,3,8,2023,12.15,uwi,coffee,coffee
4,steig9,2.0,s,217.0,10.0,awake,tea,yes,8,yes,2,3,3,3,yes,5.0,microsoft,20.0,7,10.0,16.0,450.0,8,0,13,yes,275.0,summer,milk,177.0,8,8,2023,12.15,uwi,other,tea
7,yorck,0.5,nw,0.0,1.0,awake,smoothie,yes,7,yes,4,10,2,2,yes,5.5,apple,17.0,5,10.0,14.0,72.0,3,35,5,no,400.0,spring,other,171.0,9,6,2023,12.15,uwi,other,juice/smoothie
8,mittw14,3.0,nw,234.0,3.0,awake,juice,yes,8,yes,4,2,3,2,do_not_mind,5.5,microsoft,18.0,6,4.0,10.0,44.0,1,13,4,yes,200.0,summer,milk,180.0,9,8,2023,12.15,uwi,other,juice/smoothie
4,garte20,2.5,w,620.0,7.0,drowsy,water,yes,5,yes,2,3,4,4,do_not_mind,8.0,both,25.0,3,4.0,14.0,15.0,3,47,10,yes,200.0,spring,black,190.0,2,4,2023,12.15,uwi,water,water
9,josep12,1.2,n,384.0,4.0,energized,water,yes,8,yes,1,0,2,2,yes,5.5,microsoft,18.0,7,6.0,16.0,90.0,4,55,4,yes,240.0,summer,milk,174.0,3,8,2023,12.15,uwi,water,water
4,wolds7,0.5,n,60.0,3.0,tired,water,yes,7,yes,2,3,3,2,no,5.0,apple,18.0,6,8.0,15.0,65.0,2,30,15,yes,200.0,spring,sugar,176.0,6,6,2023,12.15,uwi,water,water
8,reino28,1.5,nw,711.1,2.0,awake,juice,yes,8,yes,2,1,1,1,no,5.6,apple,16.0,7,5.0,12.0,80.0,3,0,7,yes,90.0,spring,other,160.0,8,8,2023,12.15,uwi,other,juice/smoothie
6,luise,2.0,s,600.0,0.5,tired,coffee,yes,6,yes,2,4,1,2,do_not_mind,6.0,both,14.0,6,5.0,15.0,40.0,4,10,5,no,150.0,spring,milk,174.0,6,4,2023,12.15,uwi,coffee,coffee
7,laven43,3.0,n,148.0,3.0,awake,coffee,no,8,yes,1,1,2,2,yes,5.0,microsoft,18.0,9,25.0,12.0,120.0,2,73,21,yes,200.0,summer,sugar_milk,163.0,6,9,2023,12.15,gess,coffee,coffee
4,steff27,3.0,n,300.0,4.0,tired,coffee,no,8,yes,1,2,2,2,yes,5.0,microsoft,20.0,1,7.0,19.0,100.0,3,23,13,no,250.0,spring,black,180.0,6,2,2023,12.15,uwi,coffee,coffee
5,arist74,2.2,s,2300.0,2.0,drowsy,tea,yes,7,yes,1,12,3,3,yes,4.5,microsoft,20.0,7,10.0,12.0,80.0,3,40,8,yes,100.0,fall,other,167.0,5,7,2023,12.15,uwi,other,tea
9,bren8,300.0,ne,81.0,5.0,awake,water,yes,7,no,0,0,3,3,yes,5.4,microsoft,9.0,8,2.0,15.0,20.0,1,50,14,yes,150.0,summer,other,180.0,5,8,2023,12.15,uwi,water,water
5,rhrh12,3.0,n,225.0,6.5,drowsy,coffee,yes,9,yes,2,3,4,5,do_not_mind,5.5,microsoft,19.5,7,6.0,16.0,110.0,4,14,9,yes,218.0,summer,milk,168.5,9,6,2023,12.15,uwi,coffee,coffee
9,possa6,500.0,n,574.11,5.0,awake,tea,yes,8,no,0,1,6,6,do_not_mind,5.5,microsoft,20.0,2,12.0,17.0,90.0,4,15,10,no,100.0,summer,sugar_milk,172.0,8,7,2023,12.15,uwi,other,tea
5,agiatriada,45.0,n,2396.0,0.0,tired,coffee,yes,6,yes,1,1,4,4,no,2.3,both,4.0,6,10.0,12.0,33.3,0,25,3,yes,300.0,summer,milk,160.0,1,7,2023,12.15,gess,coffee,coffee
7,abels7,2.0,n,56.0,4.0,awake,water,yes,6,yes,4,7,2,4,yes,3.5,apple,10.0,8,3.0,12.0,83.0,2,113,21,yes,250.0,spring,black,168.0,10,9,2023,12.15,gess,water,water
7,inder2,3.7,nw,475.0,3.0,energized,tea,no,9,yes,3,3,3,3,yes,6.2,both,21.3,7,11.0,16.0,130.0,5,16,9,yes,190.0,spring,milk,179.0,3,7,2023,12.15,uwi,other,tea
7,knig,1.0,w,60.0,3.0,awake,tea,yes,7,yes,1,4,3,3,no,7.0,microsoft,18.0,8,10.0,12.0,75.0,5,10,10,yes,40.0,spring,milk,179.0,9,10,2023,12.15,uwi,other,tea
9,schwa137,1.0,e,300.0,2.0,awake,coffee,yes,8,yes,1,6,3,3,do_not_mind,6.0,apple,17.0,8,6.0,13.0,120.0,3,20,14,yes,400.0,summer,milk,180.0,2,8,2023,12.15,uwi,coffee,coffee
6,gneise59,2.0,w,300.0,4.0,drowsy,coffee,yes,7,yes,2,0,3,4,yes,6.0,microsoft,21.0,5,3.0,16.5,13.0,2,98,20,yes,200.0,summer,milk,180.0,3,7,2023,12.15,gess,coffee,coffee
6,reitb284,100.0,nw,89.0,0.0,awake,water,yes,7,yes,3,1,2,2,no,3.0,apple,17.0,4,5.0,17.0,11.0,2,0,5,yes,200.0,summer,other,165.0,4,3,2023,12.15,uwi,water,water
6,tycho12,4.0,n,56.0,2.0,drowsy,tea,yes,7,yes,2,1,2,2,yes,5.0,microsoft,13.0,5,5.0,17.0,100.0,5,29,9,yes,200.0,spring,other,175.0,5,5,2023,12.15,uwi,other,tea
7,raben2,0.0,sw,381.0,8.0,tired,water,yes,9,yes,1,2,1,2,do_not_mind,6.0,apple,15.0,3,15.0,12.0,18.0,5,31,12,yes,200.0,summer,milk,172.0,4,7,2023,12.15,uwi,water,water
4,grach37,0.4,se,400.0,2.0,awake,tea,yes,8,yes,1,9,3,4,do_not_mind,4.0,apple,21.0,5,5.0,12.0,50.0,1,10,6,yes,170.0,spring,sugar_milk,169.0,4,5,2023,12.15,uwi,other,tea
8,fhre8,2.5,nw,203.0,4.0,drowsy,juice,no,9,yes,1,3,3,3,yes,4.0,apple,17.0,6,7.0,17.0,58.0,1,43,5,yes,150.0,summer,other,172.0,6,6,2023,12.15,uwi,other,juice/smoothie
7,vonbo40,3.0,nw,245.0,1.0,awake,juice,yes,8,yes,2,1,1,1,do_not_mind,7.0,microsoft,22.5,7,6.0,14.0,210.0,8,87,16,yes,150.0,spring,other,193.0,3,8,2023,12.15,gess,other,juice/smoothie
7,nerim11,1.0,se,3600.0,10.0,awake,milk,yes,7,yes,1,2,5,5,no,4.5,microsoft,14.0,7,5.0,15.7,95.0,2,50,5,yes,300.0,winter,black,178.0,1,7,2023,8.15,gess,other,milk
7,linde6a,1.2,ne,135.0,5.0,awake,coffee,yes,8,yes,1,1,4,4,no,6.0,apple,18.0,8,15.0,11.9,80.0,2,24,15,yes,150.0,spring,milk,170.0,4,7,2023,12.15,gess,coffee,coffee
7,steen17,0.5,n,60.0,0.0,awake,tea,no,6,yes,2,3,3,4,do_not_mind,4.0,microsoft,13.0,7,7.0,12.0,120.0,5,40,23,yes,120.0,summer,milk,162.0,1,8,2023,12.15,gess,other,tea
5,ruege6,2.0,ne,146.0,2.0,drowsy,coffee,yes,8,no,0,2,2,2,do_not_mind,7.0,apple,18.0,5,6.0,12.0,70.0,3,40,15,no,200.0,spring,milk,170.0,5,4,2023,12.15,uwi,coffee,coffee
8,veilc9,2.5,se,496.0,5.0,awake,water,yes,8,yes,1,10,3,2,yes,6.5,microsoft,18.0,7,6.0,8.0,150.0,7,5,18,yes,160.0,spring,other,178.0,8,8,2023,12.15,uwi,water,water
6,grund3,2.0,n,316.0,3.0,awake,juice,yes,6,yes,2,6,1,1,do_not_mind,6.5,microsoft,19.0,7,4.0,15.0,135.0,4,35,12,yes,180.0,spring,milk,175.0,8,6,2023,12.15,uwi,other,juice/smoothie
9,carls36,12.0,w,400.0,7.0,energized,tea,yes,8,yes,3,2,4,4,no,9.5,microsoft,17.0,8,14.0,17.0,23.0,6,10,7,yes,150.0,summer,other,174.0,9,9,2023,12.15,uwi,other,tea
5,rotek,3.0,ne,112.0,6.0,awake,coffee,yes,6,yes,2,40,2,2,do_not_mind,5.5,microsoft,16.5,5,13.0,17.0,30.0,0,20,5,yes,150.0,summer,milk,170.0,5,5,2023,12.15,gess,coffee,coffee
6,weidm50,5.0,ne,574.11,10.0,drowsy,coffee,yes,10,yes,1,6,3,4,no,4.5,microsoft,18.0,6,25.0,12.0,90.0,4,82,13,yes,200.0,summer,milk,158.0,1,5,2023,12.15,uwi,coffee,coffee
8,raube7,2.0,sw,483.0,2.0,awake,coffee,yes,6,yes,1,3,4,5,do_not_mind,5.5,apple,16.0,9,8.0,13.5,60.0,2,60,6,yes,175.0,spring,milk,165.0,2,7,2023,12.15,gess,coffee,coffee
2,sophi5,2.5,n,450.0,4.0,awake,coffee,no,9,yes,1,4,1,4,no,5.0,microsoft,16.0,4,1.0,16.0,60.0,1,30,17,yes,200.0,summer,other,174.0,5,3,2023,12.15,uwi,coffee,coffee
4,ander59,2.5,nw,430.0,7.0,awake,tea,yes,7,yes,1,0,2,1,no,5.0,microsoft,16.0,5,18.0,16.0,30.0,0,0,17,yes,200.0,spring,sugar_milk,166.0,10,3,2023,12.15,uwi,other,tea
5,thoma13,0.5,nw,152.0,1.0,tired,mate,no,7,yes,1,3,1,1,do_not_mind,5.5,apple,19.0,5,7.0,15.0,160.0,6,24,15,yes,130.0,summer,other,155.0,4,5,2023,12.15,gess,other,tea
5,chatt4,1.0,e,448.0,7.0,tired,juice,yes,7,yes,1,3,2,3,do_not_mind,6.5,apple,16.0,5,4.0,16.4,100.0,3,67,9,yes,150.0,spring,milk,178.0,5,5,2023,12.15,uwi,other,juice/smoothie
8,dortm13,1.0,sw,415.0,8.0,awake,coffee,yes,8,yes,1,2,3,3,do_not_mind,6.5,apple,17.0,9,11.0,14.0,100.0,2,10,25,yes,150.0,spring,milk,168.0,6,8,2023,12.15,gess,coffee,coffee
6,walds15,1.0,n,440.0,2.0,tired,water,yes,9,yes,2,1,3,3,yes,5.0,microsoft,17.0,5,10.0,15.0,60.0,1,43,6,yes,160.0,spring,other,165.0,6,5,2023,12.15,uwi,water,water
5,obere4,2.9,se,850.0,2.0,awake,tea,yes,7,yes,2,0,2,3,do_not_mind,4.0,microsoft,13.0,7,2.0,11.0,30.0,2,30,10,yes,300.0,spring,milk,160.0,2,7,2023,12.15,uwi,other,tea
6,ricke16,2.0,nw,790.0,2.0,energized,tea,yes,8,yes,1,17,4,10,no,6.0,microsoft,21.0,10,10.0,17.0,8.0,4,22,7,yes,190.0,summer,milk,200.0,7,7,2023,12.15,gess,other,tea
8,dassa16,2.0,n,62.0,6.0,awake,coffee,yes,7,no,0,1,3,3,yes,6.0,apple,17.0,8,9.0,14.0,200.0,3,31,21,no,250.0,spring,black,169.0,3,7,2023,12.15,uwi,coffee,coffee
6,fritz14,1.5,nw,500.0,2.0,awake,coffee,yes,9,yes,1,4,2,2,no,6.0,microsoft,19.0,7,10.0,14.0,20.0,5,50,12,yes,250.0,spring,milk,171.0,6,8,2023,12.15,gess,coffee,coffee
9,eitin120,0.5,w,320.0,3.5,energized,tea,yes,7,yes,1,2,1,1,no,6.0,apple,20.0,10,10.0,14.0,150.0,5,19,13,yes,150.0,summer,milk,171.0,5,9,2023,12.15,gess,other,tea
5,avalo301,2.2,n,473.2,0.0,drowsy,coffee,no,6,yes,1,1,3,3,do_not_mind,6.0,apple,13.0,5,7.0,16.9,87.4,3,166,22,yes,200.0,summer,sugar_milk,173.0,6,5,2023,12.15,gess,coffee,coffee
8,nicol15,1.0,ne,1800.0,5.0,awake,coffee,yes,8,yes,1,1,4,4,do_not_mind,4.6,microsoft,17.5,7,12.0,16.5,75.0,4,34,16,yes,150.0,spring,black,158.0,7,8,2023,12.15,gess,coffee,coffee
4,garte6,2.4,nw,500.0,3.0,drowsy,coffee,yes,6,yes,1,5,6,6,do_not_mind,4.0,apple,13.0,1,9.0,15.0,100.0,3,30,10,yes,300.0,fall,milk,163.0,4,4,2023,12.15,uwi,coffee,coffee
8,sprin6,0.5,ne,6510.0,4.0,energized,tea,yes,8,yes,1,2,5,5,yes,6.0,microsoft,19.5,9,6.0,15.0,114.0,5,29,8,yes,150.0,summer,milk,163.0,3,8,2023,12.15,gess,other,tea
8,amred,2.4,nw,214.0,1.5,awake,coffee,yes,7,yes,2,5,3,3,no,3.5,apple,18.0,7,4.0,15.4,96.0,4,10,5,yes,80.0,summer,milk,170.0,10,8,2023,12.15,uwi,coffee,coffee
7,etzes9,0.4,se,65.0,0.0,tired,water,yes,9,yes,1,1,1,1,do_not_mind,6.0,microsoft,20.0,7,6.0,15.5,180.0,4,100,9,no,190.0,summer,other,175.0,7,8,2023,12.15,gess,water,water
8,berlin43,55.0,n,166.0,1.0,tired,tea,yes,7,no,0,1,1,2,no,6.5,microsoft,14.0,5,10.0,15.0,36.0,0,30,8,yes,200.0,summer,other,168.0,4,4,2023,12.15,gess,other,tea
7,curri23,2.5,sw,7354.0,4.0,awake,chai,yes,7,yes,4,0,3,3,no,4.0,microsoft,8.0,6,6.0,10.37,125.0,3,27,7,yes,125.0,spring,sugar_milk,157.0,7,8,2023,12.15,uwi,other,tea
8,rainw5,0.5,sw,340.0,2.0,awake,iced_coffee,yes,8,yes,1,2,2,2,do_not_mind,6.5,microsoft,18.0,5,8.0,15.0,33.0,5,47,12,yes,140.0,spring,milk,165.0,4,8,2023,12.15,uwi,coffee,coffee
7,witte12e,2.4,w,572.0,2.0,awake,kurkuma_latte,yes,8,yes,1,0,3,3,no,7.0,microsoft,19.0,9,8.0,16.0,115.0,5,128,15,yes,220.0,summer,milk,169.5,6,8,2023,12.15,gess,other,tea
7,poeth59,1.0,s,420.0,1.0,tired,tea,yes,6,yes,2,1,1,2,do_not_mind,6.4,microsoft,20.0,5,15.0,15.5,90.0,4,40,15,yes,150.0,spring,black,176.0,8,6,2023,12.15,gess,other,tea
6,ostwi23,0.5,sw,250.0,4.0,awake,tea,yes,8,yes,2,6,6,8,yes,6.0,microsoft,23.0,8,10.0,16.0,90.0,3,38,12,yes,120.0,spring,sugar_milk,172.0,8,8,2023,12.15,uwi,other,tea
7,alted39,2.3,nw,361.0,1.0,tired,coffee,no,6,yes,1,4,2,2,yes,6.0,apple,19.0,5,5.0,15.5,3220.0,2,20,10,yes,250.0,summer,milk,167.0,5,6,2023,12.15,uwi,coffee,coffee
8,kiele44,1.0,n,150.0,2.0,awake,coffee,yes,7,yes,1,10,3,5,do_not_mind,6.0,apple,20.0,6,8.0,14.5,120.0,3,64,14,yes,30.0,spring,milk,166.0,3,8,2023,12.15,uwi,coffee,coffee
7,knig18,2.2,ne,677.0,3.0,awake,tea,yes,9,yes,1,4,1,1,do_not_mind,6.0,microsoft,10.0,8,6.0,15.4,60.0,3,42,6,yes,130.0,fall,other,171.0,7,8,2023,12.15,uwi,other,tea
7,lortz2a,2.2,n,160.0,1.0,awake,coffee,yes,8,no,0,0,1,2,yes,6.0,microsoft,17.0,7,19.0,15.0,13.0,4,46,9,no,80.0,summer,milk,162.0,7,7,2023,12.15,uwi,coffee,coffee
9,lilie6,1.0,s,796.0,5.0,awake,coffee,no,7,no,0,2,3,5,no,3.0,apple,15.0,7,6.0,12.0,160.0,6,48,20,yes,350.0,spring,milk,169.0,1,8,2023,12.15,uwi,coffee,coffee
6,silos302,60.0,n,9464.0,3.0,tired,matcha,yes,8,yes,3,5,5,5,do_not_mind,5.0,apple,13.0,5,8.0,15.0,52.0,1,60,20,yes,250.0,summer,milk,163.0,5,6,2023,12.15,uwi,other,matcha
7,steil111,0.8,w,65.0,2.0,tired,coffee,yes,8,yes,1,1,3,3,no,7.0,apple,16.0,5,20.0,14.0,120.0,5,54,20,yes,160.0,summer,milk,186.0,6,7,2023,12.15,uwi,coffee,coffee
7,tiele1,3.0,s,90.0,2.0,tired,coffee,no,7,yes,1,1,2,2,yes,7.0,microsoft,17.0,8,15.0,12.0,30.0,2,20,8,yes,250.0,spring,milk,168.0,3,5,2023,12.15,uwi,coffee,coffee
7,meise4,0.2,e,360.0,0.5,awake,tea,yes,8,no,0,1,3,2,do_not_mind,5.0,microsoft,20.0,7,6.0,15.0,95.0,2,21,12,yes,230.0,fall,milk,167.0,7,8,2023,12.15,uwi,other,tea
7,augus85,3.0,s,240.0,2.0,awake,water,no,7,yes,2,2,2,2,yes,6.0,microsoft,21.0,7,3.0,18.0,90.0,4,25,10,yes,140.0,summer,sugar_milk,172.0,4,7,2023,12.15,gess,water,water
6,masch4b,0.4,nw,40.0,1.5,tired,tea,yes,7,yes,1,6,4,2,yes,5.0,microsoft,18.0,5,6.0,17.0,60.0,1,59,14,yes,200.0,winter,milk,178.0,9,7,2023,12.15,uwi,other,tea
8,nordm28,1.4,n,70.0,5.0,energized,juice,yes,9,no,0,1,4,4,no,6.0,microsoft,20.5,9,10.0,17.0,90.0,3,43,23,yes,250.0,summer,milk,167.0,6,8,2023,12.15,uwi,other,juice/smoothie
7,flint50,3.5,sw,150.0,6.0,awake,coffee,yes,7,yes,2,7,2,2,do_not_mind,6.0,microsoft,20.0,8,9.0,16.2,25.0,4,85,6,yes,250.0,summer,milk,175.0,7,7,2023,12.15,uwi,coffee,coffee
8,wiede14a,0.8,w,71.0,3.0,awake,water,yes,8,yes,2,2,3,3,do_not_mind,5.5,apple,13.0,7,6.0,14.0,120.0,5,78,18,yes,150.0,fall,milk,177.0,7,8,2023,12.15,uwi,water,water
9,goeth4,3.0,n,335.0,1.0,energized,coffee,no,9,yes,2,3,4,5,do_not_mind,5.0,apple,19.0,9,8.0,15.0,70.0,2,67,11,yes,200.0,fall,milk,173.0,2,9,2023,12.15,uwi,coffee,coffee
8,goebe7,3.1,ne,60.0,5.0,awake,tea,yes,7,yes,1,1,4,4,no,6.7,microsoft,20.5,8,5.0,13.5,60.0,2,66,9,no,350.0,spring,black,178.0,4,9,2023,12.15,uwi,other,tea
9,neide10,0.2,n,280.0,1.0,awake,milk,yes,7,yes,4,30,3,4,yes,5.5,apple,18.0,8,30.0,15.0,54.0,1,45,20,yes,200.0,fall,sugar_milk,167.0,7,8,2023,12.15,uwi,other,milk
8,dorfs44,2.3,nw,290.0,2.0,awake,tea,yes,8,yes,2,8,3,2,no,6.0,microsoft,20.0,5,13.0,15.0,350.0,9,90,13,no,150.0,summer,milk,178.0,7,6,2023,12.15,uwi,other,tea
8,kehrw7,32.0,s,32.0,6.0,energized,water,no,7,yes,1,1,2,2,do_not_mind,6.0,microsoft,21.0,6,11.0,15.0,25.0,0,119,8,yes,350.0,winter,milk,172.0,5,8,2023,12.15,uwi,water,water
6,marti11,37.0,s,270.0,1.0,awake,coffee,yes,8,no,0,2,2,3,yes,4.0,microsoft,18.0,7,7.0,13.2,60.0,1,38,10,yes,140.0,spring,milk,163.0,8,6,2023,12.15,uwi,coffee,coffee
6,weste5,3.0,nw,380.0,1.0,energized,water,yes,7,yes,2,4,2,3,no,7.5,microsoft,20.0,7,9.0,16.0,90.0,4,60,12,yes,150.0,spring,milk,170.0,1,6,2023,12.15,uwi,water,water
8,hanss206,48.0,nw,55.0,1.0,awake,coffee,yes,6,yes,2,0,4,4,no,6.0,microsoft,22.0,6,3.0,16.8,39.0,3,23,28,yes,150.0,summer,sugar_milk,168.0,1,8,2023,12.15,uwi,coffee,coffee
7,stran87,2.6,n,59.0,4.0,awake,juice,yes,7,yes,2,0,2,3,yes,6.5,both,18.0,8,12.0,15.0,35.0,1,58,12,yes,0.3,summer,sugar_milk,189.0,3,8,2023,12.15,uwi,other,juice/smoothie
6,freiw9,7.3,sw,65.0,10.0,tired,water,yes,7,yes,2,8,2,2,no,7.0,apple,20.0,6,20.0,16.0,53.0,1,63,5,yes,100.0,summer,sugar_milk,163.0,3,6,2023,12.15,uwi,water,water
8,winke21,0.8,w,484.0,4.0,drowsy,water,yes,8,yes,1,3,2,2,do_not_mind,5.0,microsoft,15.0,6,15.0,13.0,20.0,5,60,20,yes,130.0,summer,other,179.0,4,8,2023,12.15,uwi,water,water
10,berga12,2.7,n,572.0,4.0,tired,tea,yes,8,yes,1,0,3,2,yes,7.0,apple,15.0,2,25.0,13.0,95.0,3,50,15,yes,300.0,winter,other,186.5,2,10,2023,12.15,uwi,other,tea
7,estew5h,2.1,se,78.0,2.0,awake,water,yes,8,yes,1,2,1,2,do_not_mind,5.0,microsoft,19.0,6,6.0,15.0,80.0,2,126,11,yes,150.0,spring,milk,170.0,4,5,2023,12.15,uwi,water,water
9,wilhe25,0.8,nw,424.0,1.5,awake,water,yes,9,no,0,0,2,2,do_not_mind,4.0,apple,20.0,8,20.0,13.0,140.0,5,80,12,yes,120.0,spring,other,162.0,4,8,2023,12.15,uwi,water,water
6,ahrst41,5.0,se,487.0,2.0,tired,water,no,8,yes,1,1,2,2,no,4.0,apple,19.0,5,20.0,15.4,140.0,2,56,11,yes,130.0,winter,other,167.0,9,6,2023,12.15,uwi,water,water
6,rober22,2.0,s,700.0,2.0,awake,tea,yes,8,yes,2,3,2,2,yes,7.0,microsoft,20.0,6,10.0,14.5,80.0,2,138,18,yes,220.0,spring,other,170.0,2,6,2023,12.15,uwi,other,tea
8,hinri23,2.0,s,320.0,1.0,energized,tea,yes,8,yes,1,0,1,2,do_not_mind,6.5,microsoft,19.5,8,9.0,14.0,80.0,2,80,11,yes,100.0,spring,black,173.0,3,9,2023,12.15,uwi,other,tea
7,valle,2.3,nw,9340.0,1.0,tired,water,yes,7,yes,1,9,3,3,do_not_mind,5.7,apple,19.5,5,7.0,15.5,80.0,2,80,12,no,300.0,summer,milk,183.0,8,7,2023,12.15,uwi,water,water
5,ambah31,0.5,w,180.0,0.0,tired,tea,yes,8,no,0,5,2,2,no,5.0,microsoft,18.0,4,8.0,12.0,70.0,2,60,6,yes,180.0,spring,other,167.0,6,5,2023,12.15,uwi,other,tea
7,goldf11,2.0,n,350.0,1.0,energized,tea,yes,7,yes,2,3,10,4,no,6.5,microsoft,21.0,8,5.0,16.0,100.0,5,24,10,yes,300.0,spring,milk,180.0,8,8,2023,12.15,uwi,other,tea
5,berne166,3.0,nw,720.0,3.0,tired,coffee,yes,8,yes,1,1,2,3,no,5.0,apple,18.0,8,10.0,12.0,60.0,2,30,20,yes,300.0,summer,milk,170.0,4,4,2023,12.15,uwi,coffee,coffee
7,aufde2,2.0,nw,166.0,4.0,tired,water,yes,8,yes,1,1,3,3,do_not_mind,4.5,microsoft,17.0,2,3.0,17.0,80.0,2,28,12,yes,480.0,spring,other,162.0,2,9,2023,12.15,uwi,water,water
8,muent24,0.5,w,40.0,4.0,energized,tea,yes,8,yes,1,1,5,5,do_not_mind,6.5,microsoft,19.0,8,10.0,16.5,80.0,1,146,10,yes,150.0,summer,milk,175.0,6,8,2023,12.15,uwi,other,tea
5,berne166,3.0,nw,720.0,3.0,tired,coffee,yes,8,yes,1,1,2,3,no,5.0,apple,18.0,8,10.0,12.0,60.0,2,30,20,yes,300.0,summer,milk,170.0,4,4,2023,12.15,uwi,coffee,coffee
6,koene3,4.0,n,130.0,1.0,awake,tea,yes,8,yes,1,4,1,1,yes,5.5,microsoft,16.0,7,14.0,14.0,100.0,3,4,10,yes,130.0,spring,other,156.0,7,8,2023,12.15,uwi,other,tea
5,marco43,0.1,n,1000.0,2.0,tired,milk,yes,5,yes,1,6,3,3,no,5.5,apple,17.8,5,12.0,11.6,60.0,2,21,10,yes,200.0,spring,other,169.0,7,5,2023,8.15,gess,other,milk
9,kasta1a,0.0,nw,100.0,2.0,tired,tea,yes,7,yes,3,20,3,3,yes,6.0,microsoft,17.0,6,30.0,15.0,45.0,1,38,25,yes,500.0,summer,other,169.0,7,9,2023,12.15,uwi,other,tea
8,naber10,0.2,w,86.0,6.0,awake,coffee,yes,8,yes,2,4,1,2,yes,5.0,apple,18.0,6,8.0,10.0,85.0,3,30,13,yes,250.0,summer,milk,165.0,5,7,2023,12.15,uwi,coffee,coffee
7,thade80,45.0,nw,45.0,6.0,awake,coffee,yes,7,yes,2,0,2,2,no,6.0,apple,17.0,4,9.0,14.0,94.0,2,60,14,yes,250.0,winter,sugar_milk,183.0,7,6,2023,8.15,gess,coffee,coffee
6,w107,0.1,n,340.0,2.0,tired,coffee,yes,8,yes,5,2,3,4,do_not_mind,6.0,microsoft,18.0,6,10.0,15.0,12.0,3,34,15,no,200.0,summer,milk,167.0,3,5,2023,8.15,gess,coffee,coffee
3,govern,7.0,s,4000.0,12.0,awake,tea,yes,7,yes,4,2,0,0,do_not_mind,2.5,apple,8.0,5,4.0,17.0,10.0,2,20,5,yes,125.0,summer,sugar_milk,171.0,1,6,2024,8.15,gess,other,tea
5,schul26,1.5,n,450.0,0.0,awake,water,no,7,yes,1,0,2,2,do_not_mind,5.0,microsoft,20.0,7,7.0,16.0,60.0,1,20,10,yes,250.0,spring,black,182.0,4,10,2024,8.15,gess,water,water
5,agtriada,45.0,nw,3000.0,0.0,awake,coffee,yes,6,yes,1,0,3,3,no,3.0,microsoft,6.7,7,5.0,15.6,33.3,0,20,5,yes,200.0,summer,milk,160.0,8,5,2024,8.15,gess,coffee,coffee
7,amfin20,3.5,n,405.0,5.0,awake,tea,yes,8,yes,4,5,4,2,do_not_mind,6.0,microsoft,14.0,9,3.0,3.0,120.0,3,0,14,yes,140.0,spring,other,181.0,1,8,2024,8.15,gess,other,tea
5,bern15,1.5,ne,40.0,3.0,drowsy,juice,yes,8,yes,2,13,4,5,yes,6.0,apple,14.0,7,8.0,14.0,60.0,2,30,14,yes,100.0,summer,milk,181.0,2,4,2024,8.15,gess,other,juice/smoothie
8,kirch4,0.5,n,300.0,2.0,awake,water,yes,8,yes,1,1,2,2,do_not_mind,5.0,microsoft,16.0,6,9.0,14.0,57.0,2,20,8,yes,180.0,summer,other,167.0,4,6,2024,8.15,gess,water,water
8,egels17,0.1,s,800.0,0.0,awake,water,yes,8,yes,1,1,3,4,yes,3.0,microsoft,13.0,9,4.0,10.0,90.0,5,0,12,yes,100.0,spring,milk,162.0,1,8,2024,8.15,gess,water,water
5,cleme72,2.3,nw,30.0,0.0,awake,coffee,yes,7,yes,1,2,3,3,no,7.0,microsoft,21.0,5,4.0,11.94,100.0,4,0,10,yes,200.0,spring,black,177.0,8,5,2024,8.15,gess,coffee,coffee
6,riggae1,4.0,n,6760.0,1.0,tired,water,no,6,yes,1,4,3,3,no,5.0,both,13.0,3,12.0,15.5,44.0,3,43,7,yes,150.0,spring,other,165.0,6,6,2024,8.15,gess,water,water
8,feuer40,3.0,n,377.0,3.0,awake,water,yes,9,yes,3,1,3,2,do_not_mind,5.0,microsoft,17.0,8,4.0,14.0,60.0,1,102,15,yes,220.0,spring,black,170.0,6,8,2024,8.15,gess,water,water
7,lambs49,0.5,s,563.0,2.0,tired,water,yes,6,yes,1,1,2,3,yes,6.5,apple,18.0,8,6.0,12.0,110.0,4,33,12,no,150.0,summer,sugar_milk,171.0,9,7,2024,8.15,gess,water,water
2,kreis1,280.0,se,260.0,9.0,awake,tea,yes,7,yes,2,1,1,1,yes,5.8,apple,21.0,6,8.0,12.0,18.0,3,60,12,yes,150.0,spring,other,160.0,8,3,2024,8.15,gess,other,tea
6,stegl44,3.8,n,290.0,2.5,awake,juice,yes,7,no,0,1,4,5,no,6.0,microsoft,19.5,5,9.0,16.5,100.0,5,27,27,no,120.0,summer,other,172.0,5,6,2024,8.15,gess,other,juice/smoothie
6,pushk47,2.0,n,3366.0,3.0,drowsy,green_tea,yes,8,yes,1,1,3,3,no,5.7,microsoft,16.7,7,10.0,15.0,125.0,1,66,4,yes,350.0,spring,other,162.0,4,6,2024,8.15,gess,other,tea
10,ricke,2.0,n,1000.0,4.0,awake,tea,yes,7,yes,1,14,3,4,no,9.0,microsoft,15.0,4,10.0,12.0,100.0,5,500,194,no,100.0,summer,milk,168.0,7,10,2024,8.15,gess,other,tea
7,kreis13,4.0,n,60.0,4.0,awake,black_tea,yes,8,yes,3,2,2,3,no,6.5,apple,19.0,7,11.0,15.4,32.0,1,92,13,yes,200.0,spring,milk,168.0,4,7,2024,8.15,gess,black_tea,tea
3,westp14,3.0,se,12388.0,2.0,awake,chocolate,yes,7,yes,2,6,3,3,do_not_mind,5.7,microsoft,19.0,7,6.0,16.5,219.1,9,100,18,no,60.0,summer,other,165.0,2,4,2024,8.15,gess,other,chocolate
3,hanss14,2.0,n,729.0,1.0,tired,tea,yes,7,yes,1,3,2,3,no,6.7,microsoft,22.3,2,4.0,20.0,100.0,5,69,9,no,100.0,fall,black,164.0,1,0,2024,8.15,gess,other,tea
7,bankc273,4.1,se,8529.0,0.0,awake,coffee,no,9,yes,3,3,2,3,no,5.0,microsoft,18.0,6,3.0,16.0,84.0,3,15,3,yes,100.0,spring,sugar_milk,158.0,2,6,2024,8.15,gess,coffee,coffee
10,gener35,1.8,n,63.0,0.0,awake,tea,yes,7,yes,1,0,3,4,yes,5.5,both,17.0,9,5.0,12.0,160.0,3,57,6,yes,150.0,spring,black,161.0,2,10,2024,8.15,gess,other,tea
4,schil16,2.2,nw,280.0,7.0,awake,coffee,yes,8,no,0,5,2,3,no,5.9,both,14.8,6,6.0,14.5,69.0,2,9,7,no,120.0,spring,other,159.0,5,6,2024,8.15,gess,coffee,coffee
7,amdor45,2.5,s,130.0,6.0,awake,tea,yes,8,yes,1,6,1,1,no,6.0,microsoft,18.5,6,6.0,17.0,80.0,3,10,18,yes,120.0,summer,sugar_milk,170.0,5,4,2024,8.15,gess,other,tea
7,brliz22,0.4,nw,1540.0,2.0,awake,tea,yes,7,yes,1,1,5,5,do_not_mind,6.0,neither,19.0,8,5.0,16.256,40.0,2,82,11,yes,300.0,spring,milk,175.0,7,8,2024,8.15,gess,other,tea
4,kortl2,3.5,n,151.0,2.0,awake,coffee,yes,8,yes,1,5,4,4,yes,5.8,apple,20.5,6,7.0,15.5,120.0,2,57,18,yes,200.0,summer,milk,165.0,3,5,2024,8.15,gess,coffee,coffee
7,lippo18,4.0,sw,117.0,3.5,tired,coffee,yes,7,yes,3,0,2,2,no,6.0,microsoft,16.0,4,8.0,12.0,260.0,5,40,17,yes,250.0,spring,milk,164.0,6,6,2024,8.15,gess,coffee,coffee
9,stck71,14.0,n,65.0,7.0,tired,water,yes,7,yes,1,2,2,2,yes,7.0,apple,20.0,9,8.0,13.5,200.0,4,133,18,yes,200.0,summer,black,190.0,4,9,2024,8.15,gess,water,water
7,strd10,2.1,n,124.0,4.0,awake,water,yes,8,yes,2,18,3,3,yes,6.0,apple,18.0,7,6.0,14.0,120.0,3,75,12,yes,180.0,summer,milk,173.0,2,8,2024,8.15,gess,water,water
9,blch,2.5,n,370.0,2.0,awake,coffee,no,6,yes,1,24,4,5,yes,6.7,neither,21.0,9,7.0,17.5,72.4,2,126,20,yes,150.0,summer,milk,174.0,7,8,2024,8.15,gess,coffee,coffee
5,ather15,0.5,s,5861.0,7.0,awake,water,yes,7,yes,4,3,7,7,do_not_mind,5.0,apple,18.0,7,12.0,15.5,100.0,5,155,25,yes,150.0,fall,sugar_milk,155.0,4,7,2024,8.15,gess,water,water
6,stein4,0.5,ne,105.0,4.0,tired,water,yes,7,yes,1,0,3,3,yes,6.5,microsoft,18.0,8,10.0,14.5,180.0,5,47,13,yes,150.0,spring,milk,163.0,5,3,2024,8.15,gess,water,water
5,garte3,0.7,e,263.0,2.0,drowsy,milk,yes,7,yes,1,11,1,1,do_not_mind,5.5,microsoft,14.2,7,6.0,15.3,141.9,5,59,12,yes,170.0,spring,other,163.0,7,7,2024,8.15,gess,other,milk
9,nuova9,5.0,ne,1718.0,5.0,tired,water,yes,6,yes,1,3,2,2,do_not_mind,3.0,microsoft,9.0,8,6.0,8.0,90.0,2,8,7,yes,150.0,spring,other,166.0,3,10,2024,8.15,gess,water,water
5,abels7,3.0,n,58.0,8.0,awake,water,yes,7,yes,4,9,3,4,yes,4.0,apple,11.0,6,4.0,9.0,74.0,2,20,22,yes,200.0,fall,black,168.0,8,5,2024,12.15,gess,water,water
5,b3,0.5,sw,90.0,8.0,tired,juice,yes,8,yes,3,0,2,2,no,7.0,microsoft,20.0,7,7.0,17.0,80.0,4,26,11,yes,250.0,fall,milk,172.0,8,5,2024,12.15,gess,other,juice/smoothie
8,gerst7,2.3,nw,265.0,9.0,awake,water,yes,9,yes,1,2,4,4,do_not_mind,6.5,both,18.0,7,8.0,16.0,22.0,6,25,10,yes,230.0,summer,other,189.0,5,8,2024,12.15,uwi,water,water
8,dorot129,4.0,nw,65.0,2.0,drowsy,coffee,yes,7,yes,1,1,2,2,do_not_mind,4.0,microsoft,15.0,7,4.0,14.0,100.0,5,20,12,yes,80.0,spring,milk,164.0,2,7,2024,12.15,gess,coffee,coffee
8,veilc9,1.5,s,500.0,5.0,energized,chai,yes,8,yes,1,3,3,1,yes,7.0,microsoft,19.0,7,6.0,17.0,95.0,7,74,10,yes,200.0,summer,other,178.0,7,6,2024,12.15,gess,other,tea
7,dorfs8,2.0,ne,70.0,1.0,drowsy,cappuccino,yes,9,no,0,8,2,2,do_not_mind,6.0,neither,20.0,4,25.0,17.0,80.0,1,75,8,yes,200.0,spring,milk,175.0,6,7,2024,12.15,gess,coffee,coffee
6,goldf11,3.0,n,374.0,2.0,awake,tea,yes,7,yes,2,3,4,4,no,5.0,microsoft,15.0,6,7.0,9.0,150.0,4,10,8,yes,370.0,spring,milk,180.0,8,6,2024,12.15,uwi,other,tea
7,heide40,0.4,sw,700.0,3.0,awake,tea,yes,8,yes,1,0,2,2,yes,6.0,microsoft,18.0,7,14.0,15.0,113.0,2,85,7,yes,260.0,summer,milk,175.0,3,7,2024,12.15,gess,other,tea
9,lemsa8,5.0,ne,68.0,15.0,awake,apfelsafteis,yes,9,yes,2,0,1,1,no,8.0,microsoft,20.0,7,7.0,17.0,19.0,5,178,10,yes,280.0,summer,black,188.0,10,9,2024,12.15,uwi,other,juice/smoothie
7,nieve8,3.0,nw,400.0,2.0,awake,water,yes,9,yes,1,3,1,1,no,5.0,microsoft,17.0,5,5.0,15.0,80.0,3,25,13,yes,120.0,spring,other,162.0,5,7,2024,12.15,gess,water,water
7,ronze28,0.2,w,110.0,3.5,awake,coffee,yes,8,yes,2,1,3,3,yes,6.0,microsoft,16.0,8,5.0,14.5,230.0,5,100,18,yes,300.0,fall,milk,172.0,3,8,2024,12.15,uwi,coffee,coffee
7,amsel9,0.5,s,700.0,3.0,awake,water,yes,8,yes,1,2,4,4,no,5.0,microsoft,15.0,5,10.0,16.5,180.0,3,70,17,no,300.0,spring,milk,173.0,7,6,2024,12.15,gess,water,water
8,raben10,2.0,n,700.0,12.0,awake,water,no,6,yes,1,3,3,3,no,7.5,microsoft,17.1,7,5.0,16.0,70.0,3,40,11,yes,200.0,summer,black,174.0,6,7,2024,12.15,gess,water,water
8,amdiek6,3.3,n,152.0,5.0,awake,tea,yes,8,yes,1,4,2,1,no,6.3,microsoft,18.5,6,8.0,15.0,30.0,0,35,15,yes,150.0,spring,milk,166.0,8,7,2024,12.15,uwi,other,tea
8,josef34,3.0,sw,340.0,4.0,awake,coffee,yes,8,yes,2,4,3,3,do_not_mind,6.0,microsoft,22.0,8,3.0,16.0,120.0,4,5,10,yes,450.0,spring,milk,179.0,4,8,2024,12.15,uwi,coffee,coffee
4,holbe75,3.7,n,350.0,11.0,awake,water,yes,7,yes,2,0,3,2,yes,5.75,both,21.7,3,5.0,16.0,250.0,4,80,9,no,300.0,fall,other,178.0,2,3,2024,12.15,uwi,water,water
2,rappo9a,0.3,w,476.0,4.0,tired,tea,yes,9,yes,1,0,4,4,do_not_mind,5.5,both,17.0,4,4.0,14.0,50.0,1,30,11,yes,300.0,fall,other,166.0,8,2,2024,12.15,gess,other,tea
7,haupt4,3.0,n,200.0,1.0,awake,tea,yes,7,yes,1,2,2,3,yes,5.0,both,18.0,6,9.0,16.5,80.0,1,35,17,yes,100.0,summer,milk,158.0,7,8,2024,12.15,gess,other,tea
5,diete57,2.0,n,100.0,5.0,tired,espresso,yes,8,yes,2,3,2,2,do_not_mind,6.3,microsoft,22.0,4,13.0,17.2,111.0,2,122,11,yes,250.0,summer,milk,177.0,2,6,2024,12.15,gess,coffee,coffee
3,hecht11,5.0,ne,300.0,2.0,awake,juice,yes,7,yes,4,23,2,2,do_not_mind,7.0,apple,23.5,6,14.0,15.0,50.0,1,50,22,yes,200.0,spring,sugar_milk,180.0,9,8,2024,12.15,gess,other,juice/smoothie
8,amsta75,1.5,sw,54.0,4.0,awake,coffee,yes,7,yes,1,5,3,3,yes,6.0,apple,20.0,6,9.0,14.86,85.0,4,110,11,yes,100.0,summer,milk,165.0,7,9,2024,12.15,gess,coffee,coffee
7,aufde55,50.0,sw,500.0,8.0,awake,tea,yes,8,yes,1,2,4,3,yes,4.0,apple,17.5,6,1.0,13.0,20.0,5,30,40,yes,200.0,summer,other,165.0,3,6,2024,12.15,gess,other,tea
7,mhle18,2.0,n,177.0,2.0,tired,water,yes,9,yes,1,0,2,3,no,6.0,apple,21.0,6,12.0,15.0,150.0,4,43,13,yes,180.0,summer,other,169.0,4,6,2024,12.15,uwi,water,water
8,winde11,3.0,nw,463.0,4.0,awake,coffee,yes,7,yes,2,6,1,3,do_not_mind,5.3,microsoft,17.0,7,20.0,16.0,30.0,0,35,9,yes,175.0,summer,milk,155.0,3,8,2024,12.15,uwi,coffee,coffee
7,wrang29,3.0,nw,155.0,3.0,awake,green_tea,yes,8,no,0,1,3,4,do_not_mind,7.0,microsoft,20.0,6,3.0,17.0,89.0,2,112,13,yes,200.0,spring,milk,176.0,6,7,2024,12.15,uwi,other,tea
7,ecken5,0.2,e,766.0,2.0,awake,coffee,no,8,yes,3,0,4,4,no,6.5,microsoft,21.0,5,9.0,19.0,136.0,5,29,10,yes,200.0,spring,milk,170.0,7,7,2024,12.15,gess,coffee,coffee
5,wmm64,3.0,nw,33.0,0.0,drowsy,coffee,yes,8,yes,1,1,2,2,no,6.0,apple,20.0,5,1.5,15.54,120.0,5,87,8,yes,133.0,summer,milk,175.0,7,5,2024,12.15,uwi,coffee,coffee
5,haupt11,3.0,w,750.0,4.0,tired,tea,yes,9,yes,3,5,4,4,do_not_mind,4.1,microsoft,20.0,7,5.0,7.0,124.0,5,10,10,no,200.0,spring,milk,175.0,4,5,2024,12.15,uwi,other,tea
7,stein15,1.4,n,272.0,5.0,awake,tea,yes,8,yes,1,5,5,5,do_not_mind,6.0,microsoft,20.5,6,5.0,14.351,90.0,3,111,21,no,220.0,summer,milk,170.0,8,8,2024,12.15,uwi,other,tea
8,mulac17,0.7,w,412.0,1.0,awake,coffee,yes,7,yes,1,4,2,2,do_not_mind,5.5,apple,16.0,7,13.0,14.5,180.0,3,145,21,yes,300.0,spring,milk,169.0,2,8,2024,12.15,gess,coffee,coffee
5,mlle4,0.2,w,80.0,4.0,awake,coffee,yes,8,yes,2,10,4,4,yes,5.0,apple,19.0,5,8.0,15.5,136.0,5,46,14,yes,130.0,summer,milk,161.0,7,5,2024,12.15,gess,coffee,coffee
8,ander9,0.4,n,300.0,3.0,awake,chocolate,yes,8,no,0,300,3,3,no,6.0,microsoft,19.0,6,5.0,16.0,50.0,1,74,14,yes,150.0,spring,other,166.0,7,8,2024,12.15,gess,other,chocolate
8,alt60,5.0,n,57.0,3.0,awake,coffee,yes,8,yes,1,0,3,3,yes,6.0,both,12.0,3,3.0,14.0,50.0,1,55,10,yes,50.0,summer,milk,170.0,5,8,2024,12.15,gess,coffee,coffee
4,brkl12,1.0,w,500.0,2.0,tired,tea,yes,9,yes,2,2,3,2,yes,4.4,microsoft,18.0,6,10.0,14.0,120.0,5,13,18,yes,70.0,spring,other,169.0,8,6,2024,12.15,uwi,other,tea
7,ofe52,7.0,n,200.0,8.0,tired,tea,yes,6,yes,2,3,4,2,no,6.5,microsoft,14.0,3,1.0,15.0,50.0,2,53,13,yes,300.0,spring,sugar_milk,193.0,8,6,2024,12.15,gess,other,tea
4,hecht11,5.0,ne,300.0,2.0,awake,juice,yes,7,yes,4,23,2,2,do_not_mind,7.0,apple,23.5,6,14.0,15.0,50.0,1,50,22,yes,200.0,spring,sugar_milk,180.0,9,8,2024,12.15,gess,other,juice/smoothie
7,wacht27,2.2,nw,57.0,4.0,energized,water,yes,7,yes,3,5,3,3,do_not_mind,6.0,apple,19.0,7,6.0,18.0,47.0,1,50,6,yes,100.0,fall,other,163.0,10,5,2024,12.15,gess,water,water
5,sinst18,50.0,se,50.0,1.0,awake,water,yes,6,yes,1,0,4,4,no,7.0,microsoft,18.0,7,3.0,16.0,100.0,2,30,8,yes,50.0,fall,other,180.0,4,5,2024,12.15,gess,water,water
4,mozar3,145.1,s,8402.0,10.0,awake,coffee,no,5,no,0,8,6,6,yes,7.0,apple,30.0,4,5.0,17.0,70.0,3,0,20,yes,600.0,summer,sugar_milk,180.0,5,4,2024,12.15,gess,coffee,coffee
5,karls1,2.0,n,10.0,1.0,awake,coffee,no,8,yes,1,3,2,3,do_not_mind,4.0,apple,14.0,7,4.0,13.0,150.0,5,9,20,yes,250.0,spring,milk,172.0,3,6,2024,12.15,uwi,coffee,coffee
7,niitt29,3.0,nw,1472.0,4.0,awake,coffee,yes,9,yes,2,0,4,4,yes,5.5,apple,20.0,6,10.0,15.0,60.0,3,58,22,yes,100.0,spring,milk,163.0,4,6,2024,12.15,gess,coffee,coffee
7,anna5,0.0,se,750.0,6.0,awake,water,yes,9,yes,2,2,2,3,no,7.0,apple,18.0,7,10.0,15.0,95.0,5,60,11,yes,60.0,summer,other,171.0,7,7,2024,12.15,uwi,water,water
5,heitz,3.0,n,40.0,4.0,awake,chocolate,yes,9,yes,2,0,2,2,yes,4.0,microsoft,18.0,6,8.0,13.0,120.0,8,15,10,yes,200.0,spring,other,170.0,1,6,2024,12.15,uwi,other,chocolate
8,abegg,0.01,se,498.0,0.0,awake,coffee,yes,7,yes,1,1,0,4,yes,4.5,apple,17.0,7,10.0,13.5,110.0,4,35,22,no,250.0,spring,milk,160.0,6,8,2024,12.15,uwi,coffee,coffee
6,ampfahlgraben9,2.8,sw,323.0,10.0,drowsy,tea,yes,6,yes,1,1,3,3,do_not_mind,5.5,apple,18.5,3,8.0,14.5,150.0,4,163,34,yes,344.0,summer,milk,184.0,8,8,2024,12.15,uwi,other,tea
7,brege,0.5,w,750.0,5.0,energized,coffee,no,8,yes,1,1,2,2,do_not_mind,6.0,microsoft,18.5,6,4.0,14.0,16.0,2,9,22,yes,270.0,summer,milk,168.0,3,7,2024,12.15,uwi,coffee,coffee
8,gussa107,0.5,ne,48.0,2.0,awake,coffee,yes,9,yes,2,39,2,2,no,6.0,microsoft,19.0,6,6.0,15.0,46.0,1,22,8,yes,250.0,spring,milk,163.0,8,8,2024,12.15,uwi,coffee,coffee
6,oster1,2.0,nw,203.0,6.0,awake,water,yes,8,yes,2,4,4,2,do_not_mind,6.5,microsoft,24.0,5,6.0,17.5,27.0,0,50,5,yes,125.0,summer,black,192.0,3,6,2024,12.15,uwi,water,water
6,linde23,1.0,e,500.0,4.0,awake,water,yes,6,yes,1,0,4,4,no,6.2,apple,22.0,5,10.0,15.5,35.0,5,25,29,yes,150.0,spring,sugar_milk,172.0,7,6,2024,12.15,gess,water,water
7,walth32,3.0,ne,60.0,2.0,awake,tea,yes,8,yes,1,0,1,2,do_not_mind,6.0,microsoft,19.0,5,4.0,17.0,100.0,3,30,8,no,150.0,spring,other,173.0,5,7,2024,12.15,uwi,other,tea
7,uhlen6,46.0,n,43.0,7.0,tired,coffee,yes,7,yes,1,0,3,3,no,6.0,both,23.0,7,5.0,14.0,160.0,3,100,6,yes,150.0,summer,black,187.0,10,8,2024,12.15,uwi,coffee,coffee
7,snyma10,0.5,sw,13000.0,4.0,awake,juice,yes,8,yes,2,0,3,3,yes,5.8,microsoft,19.0,5,8.0,17.0,16.0,1,83,10,yes,210.0,spring,other,167.0,3,7,2024,12.15,gess,other,juice/smoothie
8,knapp56,500.0,w,337.0,4.0,awake,water,no,9,no,0,2,4,4,yes,5.0,microsoft,17.0,8,13.0,15.0,135.0,4,19,18,yes,120.0,summer,other,160.0,10,9,2024,12.15,uwi,water,water
7,libau22,3.0,n,240.0,15.0,tired,water,yes,8,yes,2,0,3,3,yes,6.5,microsoft,21.5,6,5.0,14.0,150.0,5,10,23,yes,140.0,summer,milk,168.0,8,7,2024,12.15,uwi,water,water
8,carlv,3.0,n,250.0,3.0,awake,coffee,no,7,yes,3,0,2,2,no,7.0,both,23.0,5,7.0,15.5,130.0,4,82,12,yes,200.0,fall,milk,189.0,7,9,2024,12.15,uwi,coffee,coffee
6,westf301,0.55,se,470.0,5.0,awake,tea,yes,8,yes,2,1,3,5,do_not_mind,5.5,microsoft,25.0,5,5.0,14.7,49.0,1,37,17,yes,140.0,summer,milk,170.0,7,7,2024,12.15,gess,other,tea
3,lerch41,3.4,n,90.0,7.0,tired,tea,yes,5,yes,2,6,2,3,yes,6.0,microsoft,20.0,3,5.0,15.5,110.0,3,45,6,yes,150.0,spring,other,169.0,7,3,2024,12.15,uwi,other,tea
3,dekan3b,0.5,ne,847.0,5.0,awake,tea,yes,9,yes,2,0,2,2,yes,6.0,microsoft,19.0,5,4.0,16.0,187.0,5,51,8,no,200.0,spring,other,167.0,9,4,2024,12.15,uwi,other,tea
5,burge31,1.6,se,420.0,1.0,tired,water,yes,8,yes,7,9,3,3,yes,6.0,microsoft,19.0,8,9.0,17.0,100.0,3,24,11,yes,100.0,spring,other,167.0,7,6,2024,12.15,uwi,water,water
5,brede21a,0.2,sw,24.0,2.0,awake,water,yes,9,yes,1,0,3,2,yes,5.5,apple,19.0,6,8.0,14.0,100.0,2,40,13,no,150.0,summer,sugar_milk,170.0,3,5,2024,12.15,uwi,water,water
5,lange2b,3.0,n,47.0,4.0,tired,water,yes,7,yes,1,1,2,2,no,7.5,apple,23.0,3,4.0,15.0,60.0,1,68,12,yes,300.0,spring,other,200.0,3,6,2024,8.15,gess,water,water
6,feldb57,1.5,n,370.0,3.0,awake,coffee,yes,7,yes,1,5,4,6,no,6.5,microsoft,19.0,7,12.0,18.0,250.0,8,50,13,no,250.0,summer,milk,176.0,8,6,2024,12.15,gess,coffee,coffee
7,amfuc4,2.4,nw,135.0,3.5,awake,tea,yes,8,yes,2,8,2,2,yes,6.5,microsoft,16.0,7,7.0,16.8,132.0,3,45,11,yes,250.0,spring,milk,175.0,4,7,2024,12.15,uwi,other,tea
7,inden19,1.0,w,471.0,4.0,tired,water,yes,8,yes,3,0,5,3,yes,7.0,microsoft,23.0,7,6.0,17.0,180.0,3,212,35,yes,180.0,summer,other,189.0,9,8,2024,12.15,uwi,water,water
8,fritz57,1.0,n,600.0,2.0,awake,coffee,yes,8,yes,1,0,2,2,no,6.5,microsoft,21.0,7,5.0,15.4,210.0,9,0,19,yes,200.0,summer,milk,180.0,3,7,2024,12.15,uwi,coffee,coffee
8,haupt25,1.5,n,700.0,4.0,energized,water,yes,8,yes,1,0,4,4,do_not_mind,6.0,apple,20.0,8,13.0,15.0,17.0,4,60,15,yes,200.0,spring,black,180.0,8,8,2024,12.15,uwi,water,water
3,aufde22,4.0,n,70.0,2.0,tired,water,yes,7,yes,2,0,4,4,yes,6.0,microsoft,19.0,4,5.0,16.0,18.0,3,40,10,yes,150.0,summer,milk,167.0,3,3,2024,12.15,uwi,water,water
3,schwa68,2.0,se,150.0,2.0,tired,water,no,7,yes,1,3,3,3,no,5.5,apple,16.0,2,6.0,14.0,30.0,0,104,11,yes,150.0,summer,milk,178.0,3,3,2024,12.15,uwi,water,water
7,huswe1,5.0,sw,700.0,1.0,awake,water,yes,10,yes,2,1,1,1,do_not_mind,6.0,apple,19.1,4,13.0,12.0,50.0,1,40,12,yes,40.0,spring,sugar_milk,175.0,7,7,2024,12.15,uwi,water,water
7,haupt10,2.5,n,425.0,1.0,awake,water,yes,8,yes,1,3,2,2,do_not_mind,6.0,microsoft,18.4,6,4.0,16.0,110.0,4,60,9,yes,300.0,spring,other,161.0,5,7,2024,12.15,uwi,water,water
8,zumho5,2.0,n,9.0,4.0,awake,tea,yes,8,yes,1,2,4,4,yes,6.0,microsoft,17.8,8,15.0,14.8,300.0,1,125,10,yes,220.0,spring,milk,170.0,6,8,2024,12.15,uwi,other,tea
6,amilm20,0.6,n,90.0,2.0,awake,water,yes,8,yes,2,0,3,3,do_not_mind,6.5,microsoft,20.0,5,5.0,15.5,200.0,3,69,12,yes,200.0,summer,milk,173.0,6,7,2024,12.15,uwi,water,water
7,schne20,0.4,nw,90.0,3.0,tired,coffee,yes,7,yes,1,0,2,2,no,6.0,both,19.0,6,8.0,15.5,200.0,3,35,12,yes,200.0,summer,milk,175.0,7,7,2024,12.15,uwi,coffee,coffee
6,roumi14,2.3,n,8900.0,6.0,awake,kombucha,yes,8,yes,1,0,3,3,yes,6.0,apple,19.0,6,5.0,11.93,32.0,3,37,11,yes,550.0,spring,sugar_milk,188.0,5,6,2024,12.15,gess,other,tea
7,lotze24,2.4,n,500.0,6.0,drowsy,tea,yes,7,yes,1,2,4,4,yes,7.0,apple,22.0,8,7.0,14.9,11.0,3,81,17,yes,280.0,winter,milk,182.0,3,7,2024,12.15,gess,other,tea
7,pfael10,3.0,s,373.0,6.0,energized,juice,yes,8,yes,1,0,3,3,yes,5.0,neither,17.0,9,6.0,16.0,350.0,8,43,12,yes,180.0,spring,milk,172.0,5,7,2024,12.15,uwi,other,juice/smoothie
3,birke17,2.0,n,152.0,4.0,drowsy,coffee,yes,7,yes,1,0,5,5,no,6.0,apple,20.5,5,15.0,15.0,90.0,3,87,14,yes,150.0,spring,milk,170.0,7,5,2024,12.15,uwi,coffee,coffee
7,ihlwe1,2.6,nw,74.9,3.0,awake,tea,yes,8,yes,1,3,3,4,no,5.0,microsoft,17.0,5,4.0,16.5,61.0,5,21,14,no,180.0,spring,black,167.0,3,7,2024,12.15,uwi,other,tea
8,bahnh117,0.3,sw,100.0,9.0,awake,coffee,yes,7,yes,1,1,3,3,yes,6.0,apple,17.0,9,8.0,15.0,140.0,5,90,14,yes,180.0,spring,milk,178.0,6,8,2024,12.15,uwi,coffee,coffee
4,ilmen3,2.8,n,134.0,4.0,drowsy,cappuccino,yes,7,yes,1,1,5,5,do_not_mind,6.0,apple,18.0,6,12.0,15.0,70.0,2,110,15,yes,200.0,spring,milk,175.0,7,5,2024,12.15,uwi,coffee,coffee
6,pann56,2.2,se,1085.0,4.0,awake,coffee,yes,8,yes,3,0,3,3,do_not_mind,5.5,apple,20.0,7,8.0,13.76,80.0,2,78,21,yes,150.0,summer,milk,170.0,2,8,2024,12.15,gess,coffee,coffee
6,rvek2,2.0,se,104.0,3.0,drowsy,tea,yes,7,yes,1,1,3,3,do_not_mind,6.5,microsoft,18.0,5,6.0,15.4,60.0,1,62,14,yes,180.0,summer,milk,200.0,5,5,2024,12.15,uwi,other,tea
5,altep19,1.5,ne,394.0,2.0,tired,tea,yes,7,no,0,4,2,3,yes,6.5,both,17.5,5,12.0,16.0,120.0,4,50,7,no,300.0,summer,sugar_milk,173.0,3,5,2024,12.15,uwi,other,tea
9,wulfs,0.4,nw,133.0,7.0,awake,water,no,7,yes,2,4,3,5,no,7.0,microsoft,16.0,8,10.0,15.0,66.0,2,45,13,yes,100.0,summer,milk,168.0,8,6,2024,12.15,uwi,water,water
3,sauer54,2.1,sw,60.0,0.0,awake,water,no,7,yes,1,15,2,2,do_not_mind,6.0,microsoft,20.0,4,25.0,17.0,115.0,1,80,2,no,150.0,winter,sugar_milk,165.0,9,2,2024,12.15,uwi,water,water
5,todts11,2.0,n,60.0,2.0,tired,tea,yes,8,yes,1,2,2,2,no,6.0,both,18.5,6,6.0,16.0,90.0,4,15,14,yes,200.0,spring,sugar_milk,176.0,8,2,2024,12.15,uwi,other,tea
6,amost17,0.6,nw,89.0,1.0,tired,water,yes,8,yes,1,0,2,1,yes,6.0,apple,20.0,6,10.0,13.0,20.0,0,31,18,yes,200.0,summer,milk,165.0,8,7,2024,12.15,gess,water,water
7,winze5,0.5,n,700.0,5.0,tired,water,yes,8,yes,1,4,2,3,do_not_mind,6.0,microsoft,19.0,5,11.0,17.0,120.0,4,90,8,yes,250.0,summer,other,170.0,7,8,2024,12.15,uwi,water,water
7,aalbo2,0.5,sw,40.0,3.0,awake,tea,yes,8,yes,1,0,3,4,yes,5.5,microsoft,17.5,4,7.0,17.5,170.0,5,70,8,yes,160.0,summer,other,168.0,6,6,2024,12.15,gess,other,tea
4,kurf16,0.0,w,570.0,2.0,awake,coffee,yes,7,no,0,0,3,4,do_not_mind,6.0,microsoft,18.0,6,10.0,15.0,140.0,5,75,10,yes,300.0,summer,milk,158.0,5,4,2024,12.15,uwi,coffee,coffee
6,moord1,2.0,n,61.0,5.0,awake,chocolate,yes,7,yes,1,3,3,3,do_not_mind,6.0,microsoft,14.0,4,5.0,14.5,90.0,4,54,6,yes,150.0,summer,milk,170.0,7,6,2024,12.15,uwi,other,chocolate
9,hinte20,100.0,ne,100.0,3.0,awake,chocolate,no,6,yes,2,2,4,2,no,7.0,apple,15.0,9,5.0,15.5,140.0,3,176,13,yes,70.0,summer,milk,194.0,7,9,2024,12.15,uwi,other,chocolate
8,oeste13,3.5,nw,256.0,7.0,drowsy,black_tea,yes,7,yes,1,9,4,4,yes,6.4,apple,18.0,4,8.0,15.7,90.0,3,168,8,yes,300.0,spring,black,178.0,6,7,2024,12.15,uwi,black_tea,tea
7,kiebi12,2.0,s,63.0,2.0,awake,tea,yes,7,yes,1,0,3,4,do_not_mind,6.0,microsoft,16.0,4,8.0,14.0,130.0,2,30,7,yes,50.0,spring,sugar_milk,164.0,6,5,2024,12.15,uwi,other,tea
6,lneb34,1.5,n,150.0,4.0,tired,black_tea,yes,8,yes,2,4,3,3,no,6.0,microsoft,18.5,6,8.0,15.0,80.0,4,40,15,no,150.0,summer,sugar_milk,169.0,3,6,2024,12.15,uwi,black_tea,tea
8,wohwi53,58.0,n,8338.0,2.0,awake,juice,no,7,yes,3,3,5,5,yes,5.0,apple,16.0,8,12.0,15.0,85.0,2,50,12,yes,250.0,summer,sugar_milk,170.0,7,6,2024,12.15,gess,other,juice/smoothie
7,grli,1.5,se,372.0,1.0,awake,tea,yes,8,yes,1,0,2,2,no,6.0,microsoft,7.0,5,7.0,7.0,100.0,4,80,20,yes,250.0,spring,other,170.0,6,7,2024,12.15,uwi,other,tea
7,emila35,0.75,w,50.0,3.0,awake,water,yes,8,yes,2,2,1,1,do_not_mind,6.0,microsoft,20.5,5,8.0,15.0,17.0,6,145,7,yes,120.0,winter,other,173.0,5,7,2024,12.15,uwi,water,water
8,rohrb15,0.5,n,86.0,4.0,tired,water,yes,8,yes,3,16,2,2,yes,5.0,both,17.0,6,3.0,16.0,220.0,8,15,16,yes,200.0,summer,sugar_milk,169.0,10,8,2024,12.15,uwi,water,water
7,anden1a,0.75,w,90.0,3.0,awake,chocolate,yes,7,yes,1,0,1,2,do_not_mind,5.5,microsoft,18.5,6,10.0,12.0,17.0,6,160,12,yes,160.0,summer,other,168.0,8,7,2024,12.15,uwi,other,chocolate
9,amplu11,0.0,sw,290.0,4.0,energized,black_tea,yes,8,yes,1,2,5,5,yes,6.0,neither,16.0,9,20.0,15.0,17.0,5,103,17,yes,170.0,fall,milk,178.0,8,10,2024,12.15,gess,black_tea,tea
7,lange31a,16.0,w,15.0,3.0,tired,coffee,no,8,yes,2,3,4,4,do_not_mind,5.9,apple,18.0,7,8.0,13.5,75.0,1,0,16,yes,200.0,spring,milk,162.0,7,7,2024,12.15,uwi,coffee,coffee
8,tanne10,1.0,s,714.0,5.0,energized,tea,yes,8,yes,1,0,2,2,no,6.0,apple,18.0,6,6.0,15.0,35.0,5,115,10,yes,150.0,spring,sugar_milk,174.0,8,9,2024,12.15,uwi,other,tea
6,gunde6a,0.65,n,573.0,4.0,tired,coffee,yes,7,yes,2,0,2,3,yes,6.0,microsoft,18.0,4,9.0,10.0,120.0,4,50,15,no,150.0,spring,milk,174.0,4,4,2024,12.15,uwi,coffee,coffee
3,engl59,1.0,n,482.0,1.0,awake,coffee,yes,8,yes,2,3,3,3,yes,7.0,microsoft,18.0,6,9.0,14.0,95.0,4,32,12,yes,300.0,summer,milk,174.0,7,4,2024,12.15,uwi,coffee,coffee
3,rntg2,2.3,n,347.0,5.0,drowsy,tea,yes,7,yes,1,0,2,2,yes,5.0,apple,16.0,6,10.0,15.0,100.0,2,66,21,yes,100.0,summer,milk,163.0,6,5,2024,12.15,uwi,other,tea
6,tilsit4,0.2,ne,335.0,2.0,tired,tea,yes,7,no,0,0,1,1,yes,6.0,apple,17.5,6,15.0,15.0,90.0,2,25,10,yes,250.0,spring,milk,163.0,6,6,2024,12.15,uwi,other,tea
3,r25a,1087.4,s,279.4,0.0,drowsy,green_tea,yes,7,no,0,6,0,2,yes,5.0,microsoft,20.0,3,3.0,15.4,95.0,5,81,7,yes,270.0,spring,milk,177.0,9,5,2024,12.15,uwi,other,tea
5,humme123,0.0,nw,392.0,5.0,drowsy,tea,no,7,yes,0,3,3,3,do_not_mind,6.5,neither,23.5,7,5.0,15.4,55.0,2,116,10,yes,200.0,summer,sugar_milk,196.0,7,7,2024,12.15,uwi,other,tea
8,porta34,3.7,nw,200.0,6.0,awake,milk,yes,7,yes,1,0,1,1,do_not_mind,6.5,microsoft,19.0,9,10.0,17.0,23.0,0,200,2,yes,200.0,winter,other,183.0,9,9,2024,12.15,uwi,other,milk
8,habic27,0.7,sw,140.0,1.0,awake,matcha,yes,7,yes,1,0,2,1,yes,5.0,both,18.0,7,8.0,15.5,70.0,4,50,11,yes,130.0,spring,milk,175.0,10,8,2024,12.15,uwi,other,matcha
7,karlm6,0.5,sw,736.0,4.0,awake,tea,yes,9,yes,1,3,3,3,yes,6.0,both,20.0,7,5.0,12.0,67.0,2,50,16,yes,70.0,fall,milk,177.0,7,7,2024,12.15,uwi,other,tea
7,bluec4,16.0,ne,480.0,2.0,awake,tea,yes,8,yes,1,0,2,3,yes,6.0,apple,22.0,6,10.0,15.0,60.0,1,70,25,yes,200.0,summer,sugar_milk,182.0,7,6,2024,12.15,uwi,other,tea
5,humbo21,0.6,w,314.0,7.0,drowsy,cappuccino,yes,8,yes,1,7,2,2,do_not_mind,5.0,apple,15.0,5,11.0,15.7,140.0,5,80,17,yes,350.0,spring,milk,156.0,6,5,2024,12.15,uwi,coffee,coffee
5,etten34,2.2,nw,193.0,3.0,drowsy,water,yes,7,yes,4,13,4,4,no,5.0,microsoft,19.0,5,4.0,16.5,350.0,8,97,8,yes,150.0,summer,other,161.0,7,4,2024,12.15,uwi,water,water
8,mhle3,1.2,ne,90.0,3.0,tired,black_tea,yes,7,yes,3,4,1,1,do_not_mind,5.0,apple,16.0,4,7.0,9.0,212.0,8,8,8,yes,200.0,spring,milk,173.0,4,4,2024,12.15,uwi,black_tea,tea
4,fache128,38.0,nw,54.0,1.0,tired,tea,yes,9,yes,3,6,2,2,do_not_mind,5.0,both,18.0,5,6.0,16.0,400.0,2,45,8,yes,200.0,summer,milk,168.0,1,6,2024,12.15,uwi,other,tea
6,pferd19,51.0,nw,20.0,2.0,tired,tea,yes,8,no,0,4,2,2,do_not_mind,6.0,microsoft,15.0,5,7.0,16.0,49.0,0,31,2,yes,200.0,spring,other,173.0,3,6,2024,12.15,uwi,other,tea
7,thing19,55.0,sw,45.0,3.0,energized,coffee,yes,7,yes,2,0,1,1,do_not_mind,6.0,microsoft,16.0,7,9.0,14.0,25.0,4,27,4,yes,40.0,spring,milk,163.0,1,7,2024,12.15,uwi,coffee,coffee
7,indus41,0.4,se,351.0,2.0,awake,coffee,yes,7,yes,1,0,4,4,do_not_mind,6.0,microsoft,18.0,7,6.0,15.4,62.0,2,60,9,yes,250.0,spring,milk,173.0,6,7,2024,12.15,uwi,coffee,coffee
